date_key,full_date,day_of_week,day_name,week_of_year,month_number,month_name,quarter,fiscal_year,is_weekend
20250701,2025-07-01,2,Tuesday,26,7,July,Q3,2025,False
20250702,2025-07-02,3,Wednesday,26,7,July,Q3,2025,False
20250703,2025-07-03,4,Thursday,26,7,July,Q3,2025,False
20250704,2025-07-04,5,Friday,26,7,July,Q3,2025,False
20250705,2025-07-05,6,Saturday,26,7,July,Q3,2025,True
20250706,2025-07-06,7,Sunday,27,7,July,Q3,2025,True
20250707,2025-07-07,1,Monday,27,7,July,Q3,2025,False
20250708,2025-07-08,2,Tuesday,27,7,July,Q3,2025,False
20250709,2025-07-09,3,Wednesday,27,7,July,Q3,2025,False
20250710,2025-07-10,4,Thursday,27,7,July,Q3,2025,False
20250711,2025-07-11,5,Friday,27,7,July,Q3,2025,False
20250712,2025-07-12,6,Saturday,27,7,July,Q3,2025,True
20250713,2025-07-13,7,Sunday,28,7,July,Q3,2025,True
20250714,2025-07-14,1,Monday,28,7,July,Q3,2025,False
20250715,2025-07-15,2,Tuesday,28,7,July,Q3,2025,False
20250716,2025-07-16,3,Wednesday,28,7,July,Q3,2025,False
20250717,2025-07-17,4,Thursday,28,7,July,Q3,2025,False
20250718,2025-07-18,5,Friday,28,7,July,Q3,2025,False
20250719,2025-07-19,6,Saturday,28,7,July,Q3,2025,True
20250720,2025-07-20,7,Sunday,29,7,July,Q3,2025,True
20250721,2025-07-21,1,Monday,29,7,July,Q3,2025,False
20250722,2025-07-22,2,Tuesday,29,7,July,Q3,2025,False
20250723,2025-07-23,3,Wednesday,29,7,July,Q3,2025,False
20250724,2025-07-24,4,Thursday,29,7,July,Q3,2025,False
20250725,2025-07-25,5,Friday,29,7,July,Q3,2025,False
20250726,2025-07-26,6,Saturday,29,7,July,Q3,2025,True
20250727,2025-07-27,7,Sunday,30,7,July,Q3,2025,True
20250728,2025-07-28,1,Monday,30,7,July,Q3,2025,False
20250729,2025-07-29,2,Tuesday,30,7,July,Q3,2025,False
20250730,2025-07-30,3,Wednesday,30,7,July,Q3,2025,False
20250731,2025-07-31,4,Thursday,30,7,July,Q3,2025,False
20250801,2025-08-01,5,Friday,30,8,August,Q3,2025,False
20250802,2025-08-02,6,Saturday,30,8,August,Q3,2025,True
20250803,2025-08-03,7,Sunday,31,8,August,Q3,2025,True
20250804,2025-08-04,1,Monday,31,8,August,Q3,2025,False
20250805,2025-08-05,2,Tuesday,31,8,August,Q3,2025,False
20250806,2025-08-06,3,Wednesday,31,8,August,Q3,2025,False
20250807,2025-08-07,4,Thursday,31,8,August,Q3,2025,False
20250808,2025-08-08,5,Friday,31,8,August,Q3,2025,False
20250809,2025-08-09,6,Saturday,31,8,August,Q3,2025,True
20250810,2025-08-10,7,Sunday,32,8,August,Q3,2025,True
20250811,2025-08-11,1,Monday,32,8,August,Q3,2025,False
20250812,2025-08-12,2,Tuesday,32,8,August,Q3,2025,False
20250813,2025-08-13,3,Wednesday,32,8,August,Q3,2025,False
20250814,2025-08-14,4,Thursday,32,8,August,Q3,2025,False
20250815,2025-08-15,5,Friday,32,8,August,Q3,2025,False
20250816,2025-08-16,6,Saturday,32,8,August,Q3,2025,True
20250817,2025-08-17,7,Sunday,33,8,August,Q3,2025,True
20250818,2025-08-18,1,Monday,33,8,August,Q3,2025,False
20250819,2025-08-19,2,Tuesday,33,8,August,Q3,2025,False
20250820,2025-08-20,3,Wednesday,33,8,August,Q3,2025,False
20250821,2025-08-21,4,Thursday,33,8,August,Q3,2025,False
20250822,2025-08-22,5,Friday,33,8,August,Q3,2025,False
20250823,2025-08-23,6,Saturday,33,8,August,Q3,2025,True
20250824,2025-08-24,7,Sunday,34,8,August,Q3,2025,True
20250825,2025-08-25,1,Monday,34,8,August,Q3,2025,False
20250826,2025-08-26,2,Tuesday,34,8,August,Q3,2025,False
20250827,2025-08-27,3,Wednesday,34,8,August,Q3,2025,False
20250828,2025-08-28,4,Thursday,34,8,August,Q3,2025,False
20250829,2025-08-29,5,Friday,34,8,August,Q3,2025,False
20250830,2025-08-30,6,Saturday,34,8,August,Q3,2025,True
20250831,2025-08-31,7,Sunday,35,8,August,Q3,2025,True
20250901,2025-09-01,1,Monday,35,9,September,Q3,2025,False
20250902,2025-09-02,2,Tuesday,35,9,September,Q3,2025,False
20250903,2025-09-03,3,Wednesday,35,9,September,Q3,2025,False
20250904,2025-09-04,4,Thursday,35,9,September,Q3,2025,False
20250905,2025-09-05,5,Friday,35,9,September,Q3,2025,False
20250906,2025-09-06,6,Saturday,35,9,September,Q3,2025,True
20250907,2025-09-07,7,Sunday,36,9,September,Q3,2025,True
20250908,2025-09-08,1,Monday,36,9,September,Q3,2025,False
20250909,2025-09-09,2,Tuesday,36,9,September,Q3,2025,False
20250910,2025-09-10,3,Wednesday,36,9,September,Q3,2025,False
20250911,2025-09-11,4,Thursday,36,9,September,Q3,2025,False
20250912,2025-09-12,5,Friday,36,9,September,Q3,2025,False
20250913,2025-09-13,6,Saturday,36,9,September,Q3,2025,True
20250914,2025-09-14,7,Sunday,37,9,September,Q3,2025,True
20250915,2025-09-15,1,Monday,37,9,September,Q3,2025,False
20250916,2025-09-16,2,Tuesday,37,9,September,Q3,2025,False
20250917,2025-09-17,3,Wednesday,37,9,September,Q3,2025,False
20250918,2025-09-18,4,Thursday,37,9,September,Q3,2025,False
20250919,2025-09-19,5,Friday,37,9,September,Q3,2025,False
20250920,2025-09-20,6,Saturday,37,9,September,Q3,2025,True
20250921,2025-09-21,7,Sunday,38,9,September,Q3,2025,True
20250922,2025-09-22,1,Monday,38,9,September,Q3,2025,False
20250923,2025-09-23,2,Tuesday,38,9,September,Q3,2025,False
20250924,2025-09-24,3,Wednesday,38,9,September,Q3,2025,False
20250925,2025-09-25,4,Thursday,38,9,September,Q3,2025,False
20250926,2025-09-26,5,Friday,38,9,September,Q3,2025,False
20250927,2025-09-27,6,Saturday,38,9,September,Q3,2025,True
20250928,2025-09-28,7,Sunday,39,9,September,Q3,2025,True
20250929,2025-09-29,1,Monday,39,9,September,Q3,2025,False
20250930,2025-09-30,2,Tuesday,39,9,September,Q3,2025,False
20251001,2025-10-01,3,Wednesday,39,10,October,Q4,2025,False
20251002,2025-10-02,4,Thursday,39,10,October,Q4,2025,False
20251003,2025-10-03,5,Friday,39,10,October,Q4,2025,False
20251004,2025-10-04,6,Saturday,39,10,October,Q4,2025,True
20251005,2025-10-05,7,Sunday,40,10,October,Q4,2025,True
20251006,2025-10-06,1,Monday,40,10,October,Q4,2025,False
20251007,2025-10-07,2,Tuesday,40,10,October,Q4,2025,False
20251008,2025-10-08,3,Wednesday,40,10,October,Q4,2025,False
20251009,2025-10-09,4,Thursday,40,10,October,Q4,2025,False
20251010,2025-10-10,5,Friday,40,10,October,Q4,2025,False
20251011,2025-10-11,6,Saturday,40,10,October,Q4,2025,True
20251012,2025-10-12,7,Sunday,41,10,October,Q4,2025,True
20251013,2025-10-13,1,Monday,41,10,October,Q4,2025,False
20251014,2025-10-14,2,Tuesday,41,10,October,Q4,2025,False
20251015,2025-10-15,3,Wednesday,41,10,October,Q4,2025,False
20251016,2025-10-16,4,Thursday,41,10,October,Q4,2025,False
20251017,2025-10-17,5,Friday,41,10,October,Q4,2025,False
20251018,2025-10-18,6,Saturday,41,10,October,Q4,2025,True
20251019,2025-10-19,7,Sunday,42,10,October,Q4,2025,True
20251020,2025-10-20,1,Monday,42,10,October,Q4,2025,False
20251021,2025-10-21,2,Tuesday,42,10,October,Q4,2025,False
20251022,2025-10-22,3,Wednesday,42,10,October,Q4,2025,False
20251023,2025-10-23,4,Thursday,42,10,October,Q4,2025,False
20251024,2025-10-24,5,Friday,42,10,October,Q4,2025,False
20251025,2025-10-25,6,Saturday,42,10,October,Q4,2025,True
20251026,2025-10-26,7,Sunday,43,10,October,Q4,2025,True
20251027,2025-10-27,1,Monday,43,10,October,Q4,2025,False
20251028,2025-10-28,2,Tuesday,43,10,October,Q4,2025,False
20251029,2025-10-29,3,Wednesday,43,10,October,Q4,2025,False
20251030,2025-10-30,4,Thursday,43,10,October,Q4,2025,False
20251031,2025-10-31,5,Friday,43,10,October,Q4,2025,False
20251101,2025-11-01,6,Saturday,43,11,November,Q4,2025,True
20251102,2025-11-02,7,Sunday,44,11,November,Q4,2025,True
20251103,2025-11-03,1,Monday,44,11,November,Q4,2025,False
20251104,2025-11-04,2,Tuesday,44,11,November,Q4,2025,False
20251105,2025-11-05,3,Wednesday,44,11,November,Q4,2025,False
20251106,2025-11-06,4,Thursday,44,11,November,Q4,2025,False
20251107,2025-11-07,5,Friday,44,11,November,Q4,2025,False
20251108,2025-11-08,6,Saturday,44,11,November,Q4,2025,True
20251109,2025-11-09,7,Sunday,45,11,November,Q4,2025,True
20251110,2025-11-10,1,Monday,45,11,November,Q4,2025,False
20251111,2025-11-11,2,Tuesday,45,11,November,Q4,2025,False
20251112,2025-11-12,3,Wednesday,45,11,November,Q4,2025,False
20251113,2025-11-13,4,Thursday,45,11,November,Q4,2025,False
20251114,2025-11-14,5,Friday,45,11,November,Q4,2025,False
20251115,2025-11-15,6,Saturday,45,11,November,Q4,2025,True
20251116,2025-11-16,7,Sunday,46,11,November,Q4,2025,True
20251117,2025-11-17,1,Monday,46,11,November,Q4,2025,False
20251118,2025-11-18,2,Tuesday,46,11,November,Q4,2025,False
20251119,2025-11-19,3,Wednesday,46,11,November,Q4,2025,False
20251120,2025-11-20,4,Thursday,46,11,November,Q4,2025,False
20251121,2025-11-21,5,Friday,46,11,November,Q4,2025,False
20251122,2025-11-22,6,Saturday,46,11,November,Q4,2025,True
20251123,2025-11-23,7,Sunday,47,11,November,Q4,2025,True
20251124,2025-11-24,1,Monday,47,11,November,Q4,2025,False
20251125,2025-11-25,2,Tuesday,47,11,November,Q4,2025,False
20251126,2025-11-26,3,Wednesday,47,11,November,Q4,2025,False
20251127,2025-11-27,4,Thursday,47,11,November,Q4,2025,False
20251128,2025-11-28,5,Friday,47,11,November,Q4,2025,False
20251129,2025-11-29,6,Saturday,47,11,November,Q4,2025,True
20251130,2025-11-30,7,Sunday,48,11,November,Q4,2025,True
20251201,2025-12-01,1,Monday,48,12,December,Q4,2025,False
20251202,2025-12-02,2,Tuesday,48,12,December,Q4,2025,False
20251203,2025-12-03,3,Wednesday,48,12,December,Q4,2025,False
20251204,2025-12-04,4,Thursday,48,12,December,Q4,2025,False
20251205,2025-12-05,5,Friday,48,12,December,Q4,2025,False
20251206,2025-12-06,6,Saturday,48,12,December,Q4,2025,True
20251207,2025-12-07,7,Sunday,49,12,December,Q4,2025,True
20251208,2025-12-08,1,Monday,49,12,December,Q4,2025,False
20251209,2025-12-09,2,Tuesday,49,12,December,Q4,2025,False
20251210,2025-12-10,3,Wednesday,49,12,December,Q4,2025,False
20251211,2025-12-11,4,Thursday,49,12,December,Q4,2025,False
20251212,2025-12-12,5,Friday,49,12,December,Q4,2025,False
20251213,2025-12-13,6,Saturday,49,12,December,Q4,2025,True
20251214,2025-12-14,7,Sunday,50,12,December,Q4,2025,True
20251215,2025-12-15,1,Monday,50,12,December,Q4,2025,False
20251216,2025-12-16,2,Tuesday,50,12,December,Q4,2025,False
20251217,2025-12-17,3,Wednesday,50,12,December,Q4,2025,False
20251218,2025-12-18,4,Thursday,50,12,December,Q4,2025,False
20251219,2025-12-19,5,Friday,50,12,December,Q4,2025,False
20251220,2025-12-20,6,Saturday,50,12,December,Q4,2025,True
20251221,2025-12-21,7,Sunday,51,12,December,Q4,2025,True
20251222,2025-12-22,1,Monday,51,12,December,Q4,2025,False
20251223,2025-12-23,2,Tuesday,51,12,December,Q4,2025,False
20251224,2025-12-24,3,Wednesday,51,12,December,Q4,2025,False
20251225,2025-12-25,4,Thursday,51,12,December,Q4,2025,False
20251226,2025-12-26,5,Friday,51,12,December,Q4,2025,False
20251227,2025-12-27,6,Saturday,51,12,December,Q4,2025,True
20251228,2025-12-28,7,Sunday,52,12,December,Q4,2025,True
20251229,2025-12-29,1,Monday,52,12,December,Q4,2025,False
20251230,2025-12-30,2,Tuesday,52,12,December,Q4,2025,False
20251231,2025-12-31,3,Wednesday,52,12,December,Q4,2025,False
20260101,2026-01-01,4,Thursday,0,1,January,Q1,2026,False
20260102,2026-01-02,5,Friday,0,1,January,Q1,2026,False
20260103,2026-01-03,6,Saturday,0,1,January,Q1,2026,True
20260104,2026-01-04,7,Sunday,1,1,January,Q1,2026,True
20260105,2026-01-05,1,Monday,1,1,January,Q1,2026,False
20260106,2026-01-06,2,Tuesday,1,1,January,Q1,2026,False
20260107,2026-01-07,3,Wednesday,1,1,January,Q1,2026,False
20260108,2026-01-08,4,Thursday,1,1,January,Q1,2026,False
20260109,2026-01-09,5,Friday,1,1,January,Q1,2026,False
20260110,2026-01-10,6,Saturday,1,1,January,Q1,2026,True
20260111,2026-01-11,7,Sunday,2,1,January,Q1,2026,True
20260112,2026-01-12,1,Monday,2,1,January,Q1,2026,False
20260113,2026-01-13,2,Tuesday,2,1,January,Q1,2026,False
20260114,2026-01-14,3,Wednesday,2,1,January,Q1,2026,False
20260115,2026-01-15,4,Thursday,2,1,January,Q1,2026,False
20260116,2026-01-16,5,Friday,2,1,January,Q1,2026,False
20260117,2026-01-17,6,Saturday,2,1,January,Q1,2026,True
20260118,2026-01-18,7,Sunday,3,1,January,Q1,2026,True
20260119,2026-01-19,1,Monday,3,1,January,Q1,2026,False
20260120,2026-01-20,2,Tuesday,3,1,January,Q1,2026,False
20260121,2026-01-21,3,Wednesday,3,1,January,Q1,2026,False
20260122,2026-01-22,4,Thursday,3,1,January,Q1,2026,False
20260123,2026-01-23,5,Friday,3,1,January,Q1,2026,False
20260124,2026-01-24,6,Saturday,3,1,January,Q1,2026,True
20260125,2026-01-25,7,Sunday,4,1,January,Q1,2026,True
20260126,2026-01-26,1,Monday,4,1,January,Q1,2026,False
20260127,2026-01-27,2,Tuesday,4,1,January,Q1,2026,False
20260128,2026-01-28,3,Wednesday,4,1,January,Q1,2026,False
20260129,2026-01-29,4,Thursday,4,1,January,Q1,2026,False
20260130,2026-01-30,5,Friday,4,1,January,Q1,2026,False
20260131,2026-01-31,6,Saturday,4,1,January,Q1,2026,True
20260201,2026-02-01,7,Sunday,5,2,February,Q1,2026,True
20260202,2026-02-02,1,Monday,5,2,February,Q1,2026,False
20260203,2026-02-03,2,Tuesday,5,2,February,Q1,2026,False
20260204,2026-02-04,3,Wednesday,5,2,February,Q1,2026,False
20260205,2026-02-05,4,Thursday,5,2,February,Q1,2026,False
20260206,2026-02-06,5,Friday,5,2,February,Q1,2026,False
20260207,2026-02-07,6,Saturday,5,2,February,Q1,2026,True
20260208,2026-02-08,7,Sunday,6,2,February,Q1,2026,True
20260209,2026-02-09,1,Monday,6,2,February,Q1,2026,False
20260210,2026-02-10,2,Tuesday,6,2,February,Q1,2026,False
20260211,2026-02-11,3,Wednesday,6,2,February,Q1,2026,False
20260212,2026-02-12,4,Thursday,6,2,February,Q1,2026,False
20260213,2026-02-13,5,Friday,6,2,February,Q1,2026,False
20260214,2026-02-14,6,Saturday,6,2,February,Q1,2026,True
20260215,2026-02-15,7,Sunday,7,2,February,Q1,2026,True
20260216,2026-02-16,1,Monday,7,2,February,Q1,2026,False
20260217,2026-02-17,2,Tuesday,7,2,February,Q1,2026,False
20260218,2026-02-18,3,Wednesday,7,2,February,Q1,2026,False
20260219,2026-02-19,4,Thursday,7,2,February,Q1,2026,False
20260220,2026-02-20,5,Friday,7,2,February,Q1,2026,False
20260221,2026-02-21,6,Saturday,7,2,February,Q1,2026,True
20260222,2026-02-22,7,Sunday,8,2,February,Q1,2026,True
20260223,2026-02-23,1,Monday,8,2,February,Q1,2026,False
20260224,2026-02-24,2,Tuesday,8,2,February,Q1,2026,False
20260225,2026-02-25,3,Wednesday,8,2,February,Q1,2026,False
20260226,2026-02-26,4,Thursday,8,2,February,Q1,2026,False
20260227,2026-02-27,5,Friday,8,2,February,Q1,2026,False
20260228,2026-02-28,6,Saturday,8,2,February,Q1,2026,True
20260301,2026-03-01,7,Sunday,9,3,March,Q1,2026,True
20260302,2026-03-02,1,Monday,9,3,March,Q1,2026,False
20260303,2026-03-03,2,Tuesday,9,3,March,Q1,2026,False
20260304,2026-03-04,3,Wednesday,9,3,March,Q1,2026,False
20260305,2026-03-05,4,Thursday,9,3,March,Q1,2026,False
20260306,2026-03-06,5,Friday,9,3,March,Q1,2026,False
20260307,2026-03-07,6,Saturday,9,3,March,Q1,2026,True
20260308,2026-03-08,7,Sunday,10,3,March,Q1,2026,True
20260309,2026-03-09,1,Monday,10,3,March,Q1,2026,False
20260310,2026-03-10,2,Tuesday,10,3,March,Q1,2026,False
20260311,2026-03-11,3,Wednesday,10,3,March,Q1,2026,False
20260312,2026-03-12,4,Thursday,10,3,March,Q1,2026,False
20260313,2026-03-13,5,Friday,10,3,March,Q1,2026,False
20260314,2026-03-14,6,Saturday,10,3,March,Q1,2026,True
20260315,2026-03-15,7,Sunday,11,3,March,Q1,2026,True
20260316,2026-03-16,1,Monday,11,3,March,Q1,2026,False
20260317,2026-03-17,2,Tuesday,11,3,March,Q1,2026,False
20260318,2026-03-18,3,Wednesday,11,3,March,Q1,2026,False
20260319,2026-03-19,4,Thursday,11,3,March,Q1,2026,False
20260320,2026-03-20,5,Friday,11,3,March,Q1,2026,False
20260321,2026-03-21,6,Saturday,11,3,March,Q1,2026,True
20260322,2026-03-22,7,Sunday,12,3,March,Q1,2026,True
20260323,2026-03-23,1,Monday,12,3,March,Q1,2026,False
20260324,2026-03-24,2,Tuesday,12,3,March,Q1,2026,False
20260325,2026-03-25,3,Wednesday,12,3,March,Q1,2026,False
20260326,2026-03-26,4,Thursday,12,3,March,Q1,2026,False
20260327,2026-03-27,5,Friday,12,3,March,Q1,2026,False
20260328,2026-03-28,6,Saturday,12,3,March,Q1,2026,True
20260329,2026-03-29,7,Sunday,13,3,March,Q1,2026,True
20260330,2026-03-30,1,Monday,13,3,March,Q1,2026,False
20260331,2026-03-31,2,Tuesday,13,3,March,Q1,2026,False
20260401,2026-04-01,3,Wednesday,13,4,April,Q2,2026,False
20260402,2026-04-02,4,Thursday,13,4,April,Q2,2026,False
20260403,2026-04-03,5,Friday,13,4,April,Q2,2026,False
20260404,2026-04-04,6,Saturday,13,4,April,Q2,2026,True
20260405,2026-04-05,7,Sunday,14,4,April,Q2,2026,True
20260406,2026-04-06,1,Monday,14,4,April,Q2,2026,False
20260407,2026-04-07,2,Tuesday,14,4,April,Q2,2026,False
20260408,2026-04-08,3,Wednesday,14,4,April,Q2,2026,False
20260409,2026-04-09,4,Thursday,14,4,April,Q2,2026,False
20260410,2026-04-10,5,Friday,14,4,April,Q2,2026,False
20260411,2026-04-11,6,Saturday,14,4,April,Q2,2026,True
20260412,2026-04-12,7,Sunday,15,4,April,Q2,2026,True
20260413,2026-04-13,1,Monday,15,4,April,Q2,2026,False
20260414,2026-04-14,2,Tuesday,15,4,April,Q2,2026,False
20260415,2026-04-15,3,Wednesday,15,4,April,Q2,2026,False
20260416,2026-04-16,4,Thursday,15,4,April,Q2,2026,False
20260417,2026-04-17,5,Friday,15,4,April,Q2,2026,False
20260418,2026-04-18,6,Saturday,15,4,April,Q2,2026,True
20260419,2026-04-19,7,Sunday,16,4,April,Q2,2026,True
20260420,2026-04-20,1,Monday,16,4,April,Q2,2026,False
20260421,2026-04-21,2,Tuesday,16,4,April,Q2,2026,False
20260422,2026-04-22,3,Wednesday,16,4,April,Q2,2026,False
20260423,2026-04-23,4,Thursday,16,4,April,Q2,2026,False
20260424,2026-04-24,5,Friday,16,4,April,Q2,2026,False
20260425,2026-04-25,6,Saturday,16,4,April,Q2,2026,True
20260426,2026-04-26,7,Sunday,17,4,April,Q2,2026,True
20260427,2026-04-27,1,Monday,17,4,April,Q2,2026,False
20260428,2026-04-28,2,Tuesday,17,4,April,Q2,2026,False
20260429,2026-04-29,3,Wednesday,17,4,April,Q2,2026,False
20260430,2026-04-30,4,Thursday,17,4,April,Q2,2026,False
20260501,2026-05-01,5,Friday,17,5,May,Q2,2026,False
20260502,2026-05-02,6,Saturday,17,5,May,Q2,2026,True
20260503,2026-05-03,7,Sunday,18,5,May,Q2,2026,True
20260504,2026-05-04,1,Monday,18,5,May,Q2,2026,False
20260505,2026-05-05,2,Tuesday,18,5,May,Q2,2026,False
20260506,2026-05-06,3,Wednesday,18,5,May,Q2,2026,False
20260507,2026-05-07,4,Thursday,18,5,May,Q2,2026,False
20260508,2026-05-08,5,Friday,18,5,May,Q2,2026,False
20260509,2026-05-09,6,Saturday,18,5,May,Q2,2026,True
20260510,2026-05-10,7,Sunday,19,5,May,Q2,2026,True
20260511,2026-05-11,1,Monday,19,5,May,Q2,2026,False
20260512,2026-05-12,2,Tuesday,19,5,May,Q2,2026,False
20260513,2026-05-13,3,Wednesday,19,5,May,Q2,2026,False
20260514,2026-05-14,4,Thursday,19,5,May,Q2,2026,False
20260515,2026-05-15,5,Friday,19,5,May,Q2,2026,False
20260516,2026-05-16,6,Saturday,19,5,May,Q2,2026,True
20260517,2026-05-17,7,Sunday,20,5,May,Q2,2026,True
20260518,2026-05-18,1,Monday,20,5,May,Q2,2026,False
20260519,2026-05-19,2,Tuesday,20,5,May,Q2,2026,False
20260520,2026-05-20,3,Wednesday,20,5,May,Q2,2026,False
20260521,2026-05-21,4,Thursday,20,5,May,Q2,2026,False
20260522,2026-05-22,5,Friday,20,5,May,Q2,2026,False
20260523,2026-05-23,6,Saturday,20,5,May,Q2,2026,True
20260524,2026-05-24,7,Sunday,21,5,May,Q2,2026,True
20260525,2026-05-25,1,Monday,21,5,May,Q2,2026,False
20260526,2026-05-26,2,Tuesday,21,5,May,Q2,2026,False
20260527,2026-05-27,3,Wednesday,21,5,May,Q2,2026,False
20260528,2026-05-28,4,Thursday,21,5,May,Q2,2026,False
20260529,2026-05-29,5,Friday,21,5,May,Q2,2026,False
20260530,2026-05-30,6,Saturday,21,5,May,Q2,2026,True
20260531,2026-05-31,7,Sunday,22,5,May,Q2,2026,True
20260601,2026-06-01,1,Monday,22,6,June,Q2,2026,False
20260602,2026-06-02,2,Tuesday,22,6,June,Q2,2026,False
20260603,2026-06-03,3,Wednesday,22,6,June,Q2,2026,False
20260604,2026-06-04,4,Thursday,22,6,June,Q2,2026,False
20260605,2026-06-05,5,Friday,22,6,June,Q2,2026,False
20260606,2026-06-06,6,Saturday,22,6,June,Q2,2026,True
20260607,2026-06-07,7,Sunday,23,6,June,Q2,2026,True
20260608,2026-06-08,1,Monday,23,6,June,Q2,2026,False
20260609,2026-06-09,2,Tuesday,23,6,June,Q2,2026,False
20260610,2026-06-10,3,Wednesday,23,6,June,Q2,2026,False
20260611,2026-06-11,4,Thursday,23,6,June,Q2,2026,False
20260612,2026-06-12,5,Friday,23,6,June,Q2,2026,False
20260613,2026-06-13,6,Saturday,23,6,June,Q2,2026,True
20260614,2026-06-14,7,Sunday,24,6,June,Q2,2026,True
20260615,2026-06-15,1,Monday,24,6,June,Q2,2026,False
20260616,2026-06-16,2,Tuesday,24,6,June,Q2,2026,False
20260617,2026-06-17,3,Wednesday,24,6,June,Q2,2026,False
20260618,2026-06-18,4,Thursday,24,6,June,Q2,2026,False
20260619,2026-06-19,5,Friday,24,6,June,Q2,2026,False
20260620,2026-06-20,6,Saturday,24,6,June,Q2,2026,True
20260621,2026-06-21,7,Sunday,25,6,June,Q2,2026,True
20260622,2026-06-22,1,Monday,25,6,June,Q2,2026,False
20260623,2026-06-23,2,Tuesday,25,6,June,Q2,2026,False
20260624,2026-06-24,3,Wednesday,25,6,June,Q2,2026,False
20260625,2026-06-25,4,Thursday,25,6,June,Q2,2026,False
20260626,2026-06-26,5,Friday,25,6,June,Q2,2026,False
20260627,2026-06-27,6,Saturday,25,6,June,Q2,2026,True
20260628,2026-06-28,7,Sunday,26,6,June,Q2,2026,True
20260629,2026-06-29,1,Monday,26,6,June,Q2,2026,False
20260630,2026-06-30,2,Tuesday,26,6,June,Q2,2026,False
