Stat_Time,Campaign_ID,Campaign_Name,Adgroup_ID,Adgroup_Name,Ad_ID,Ad_Name,Cost_USD,Impressions,Clicks,Gross_Revenue_Reported
2025-07-01 00:00:00,CAMP-TT-01,TikTok_Spark_Influencer_UGC,SET-T01,GenZ_Adventure,AD-T101,UGC_Backpack_Unboxing,30.98,2507,29,113.64
2025-07-01 00:00:00,CAMP-TT-02,TikTok_TopView_Brand_Push,SET-T02,Broad_US_18_34,AD-T102,Video_Trending_Sound_Gear,38.22,2935,39,101.87
2025-07-02 00:00:00,CAMP-TT-01,TikTok_Spark_Influencer_UGC,SET-T01,GenZ_Adventure,AD-T101,UGC_Backpack_Unboxing,49.93,5068,49,141.91
2025-07-02 00:00:00,CAMP-TT-02,TikTok_TopView_Brand_Push,SET-T02,Broad_US_18_34,AD-T102,Video_Trending_Sound_Gear,57.81,5228,76,154.02
2025-07-03 00:00:00,CAMP-TT-01,TikTok_Spark_Influencer_UGC,SET-T01,GenZ_Adventure,AD-T101,UGC_Backpack_Unboxing,78.68,7749,103,231.37
2025-07-03 00:00:00,CAMP-TT-02,TikTok_TopView_Brand_Push,SET-T02,Broad_US_18_34,AD-T102,Video_Trending_Sound_Gear,37.15,2795,28,124.69
2025-07-04 00:00:00,CAMP-TT-01,TikTok_Spark_Influencer_UGC,SET-T01,GenZ_Adventure,AD-T101,UGC_Backpack_Unboxing,58.32,5134,58,201.32
2025-07-04 00:00:00,CAMP-TT-02,TikTok_TopView_Brand_Push,SET-T02,Broad_US_18_34,AD-T102,Video_Trending_Sound_Gear,34.39,2786,39,88.56
2025-07-05 00:00:00,CAMP-TT-01,TikTok_Spark_Influencer_UGC,SET-T01,GenZ_Adventure,AD-T101,UGC_Backpack_Unboxing,48.14,3825,42,145.6
2025-07-05 00:00:00,CAMP-TT-02,TikTok_TopView_Brand_Push,SET-T02,Broad_US_18_34,AD-T102,Video_Trending_Sound_Gear,47.9,4152,36,149.43
2025-07-06 00:00:00,CAMP-TT-01,TikTok_Spark_Influencer_UGC,SET-T01,GenZ_Adventure,AD-T101,UGC_Backpack_Unboxing,88.63,8612,97,335.87
2025-07-06 00:00:00,CAMP-TT-02,TikTok_TopView_Brand_Push,SET-T02,Broad_US_18_34,AD-T102,Video_Trending_Sound_Gear,83.63,6332,69,292.56
2025-07-07 00:00:00,CAMP-TT-01,TikTok_Spark_Influencer_UGC,SET-T01,GenZ_Adventure,AD-T101,UGC_Backpack_Unboxing,32.03,3331,31,96.81
2025-07-07 00:00:00,CAMP-TT-02,TikTok_TopView_Brand_Push,SET-T02,Broad_US_18_34,AD-T102,Video_Trending_Sound_Gear,72.29,6736,84,247.38
2025-07-08 00:00:00,CAMP-TT-01,TikTok_Spark_Influencer_UGC,SET-T01,GenZ_Adventure,AD-T101,UGC_Backpack_Unboxing,59.31,5498,66,174.66
2025-07-08 00:00:00,CAMP-TT-02,TikTok_TopView_Brand_Push,SET-T02,Broad_US_18_34,AD-T102,Video_Trending_Sound_Gear,34.19,2448,21,88.69
2025-07-09 00:00:00,CAMP-TT-01,TikTok_Spark_Influencer_UGC,SET-T01,GenZ_Adventure,AD-T101,UGC_Backpack_Unboxing,73.93,7034,88,216.45
2025-07-09 00:00:00,CAMP-TT-02,TikTok_TopView_Brand_Push,SET-T02,Broad_US_18_34,AD-T102,Video_Trending_Sound_Gear,49.57,4807,49,150.39
2025-07-10 00:00:00,CAMP-TT-01,TikTok_Spark_Influencer_UGC,SET-T01,GenZ_Adventure,AD-T101,UGC_Backpack_Unboxing,66.02,5712,83,168.64
2025-07-10 00:00:00,CAMP-TT-02,TikTok_TopView_Brand_Push,SET-T02,Broad_US_18_34,AD-T102,Video_Trending_Sound_Gear,55.15,4626,66,141.4
2025-07-11 00:00:00,CAMP-TT-01,TikTok_Spark_Influencer_UGC,SET-T01,GenZ_Adventure,AD-T101,UGC_Backpack_Unboxing,58.67,4421,42,213.51
2025-07-11 00:00:00,CAMP-TT-02,TikTok_TopView_Brand_Push,SET-T02,Broad_US_18_34,AD-T102,Video_Trending_Sound_Gear,30.95,2444,35,103.82
2025-07-12 00:00:00,CAMP-TT-01,TikTok_Spark_Influencer_UGC,SET-T01,GenZ_Adventure,AD-T101,UGC_Backpack_Unboxing,67.54,7321,105,210.14
2025-07-12 00:00:00,CAMP-TT-02,TikTok_TopView_Brand_Push,SET-T02,Broad_US_18_34,AD-T102,Video_Trending_Sound_Gear,40.88,3283,37,108.81
2025-07-13 00:00:00,CAMP-TT-01,TikTok_Spark_Influencer_UGC,SET-T01,GenZ_Adventure,AD-T101,UGC_Backpack_Unboxing,52.93,5677,68,175.13
2025-07-13 00:00:00,CAMP-TT-02,TikTok_TopView_Brand_Push,SET-T02,Broad_US_18_34,AD-T102,Video_Trending_Sound_Gear,71.87,5492,77,237.19
2025-07-14 00:00:00,CAMP-TT-01,TikTok_Spark_Influencer_UGC,SET-T01,GenZ_Adventure,AD-T101,UGC_Backpack_Unboxing,30.64,2455,26,99.13
2025-07-14 00:00:00,CAMP-TT-02,TikTok_TopView_Brand_Push,SET-T02,Broad_US_18_34,AD-T102,Video_Trending_Sound_Gear,62.45,5808,83,167.0
2025-07-15 00:00:00,CAMP-TT-01,TikTok_Spark_Influencer_UGC,SET-T01,GenZ_Adventure,AD-T101,UGC_Backpack_Unboxing,63.58,7047,101,168.25
2025-07-15 00:00:00,CAMP-TT-02,TikTok_TopView_Brand_Push,SET-T02,Broad_US_18_34,AD-T102,Video_Trending_Sound_Gear,34.74,3257,34,96.53
2025-07-16 00:00:00,CAMP-TT-01,TikTok_Spark_Influencer_UGC,SET-T01,GenZ_Adventure,AD-T101,UGC_Backpack_Unboxing,59.26,5284,43,172.78
2025-07-16 00:00:00,CAMP-TT-02,TikTok_TopView_Brand_Push,SET-T02,Broad_US_18_34,AD-T102,Video_Trending_Sound_Gear,70.52,5664,74,240.3
2025-07-17 00:00:00,CAMP-TT-01,TikTok_Spark_Influencer_UGC,SET-T01,GenZ_Adventure,AD-T101,UGC_Backpack_Unboxing,45.55,4795,47,163.13
2025-07-17 00:00:00,CAMP-TT-02,TikTok_TopView_Brand_Push,SET-T02,Broad_US_18_34,AD-T102,Video_Trending_Sound_Gear,79.02,6889,55,211.94
2025-07-18 00:00:00,CAMP-TT-01,TikTok_Spark_Influencer_UGC,SET-T01,GenZ_Adventure,AD-T101,UGC_Backpack_Unboxing,46.1,3876,33,171.79
2025-07-18 00:00:00,CAMP-TT-02,TikTok_TopView_Brand_Push,SET-T02,Broad_US_18_34,AD-T102,Video_Trending_Sound_Gear,48.25,3557,47,168.01
2025-07-19 00:00:00,CAMP-TT-01,TikTok_Spark_Influencer_UGC,SET-T01,GenZ_Adventure,AD-T101,UGC_Backpack_Unboxing,78.44,6464,80,260.21
2025-07-19 00:00:00,CAMP-TT-02,TikTok_TopView_Brand_Push,SET-T02,Broad_US_18_34,AD-T102,Video_Trending_Sound_Gear,74.99,5382,70,263.22
2025-07-20 00:00:00,CAMP-TT-01,TikTok_Spark_Influencer_UGC,SET-T01,GenZ_Adventure,AD-T101,UGC_Backpack_Unboxing,95.71,9496,81,299.36
2025-07-20 00:00:00,CAMP-TT-02,TikTok_TopView_Brand_Push,SET-T02,Broad_US_18_34,AD-T102,Video_Trending_Sound_Gear,72.42,5508,61,234.79
2025-07-21 00:00:00,CAMP-TT-01,TikTok_Spark_Influencer_UGC,SET-T01,GenZ_Adventure,AD-T101,UGC_Backpack_Unboxing,56.35,6130,75,201.53
2025-07-21 00:00:00,CAMP-TT-02,TikTok_TopView_Brand_Push,SET-T02,Broad_US_18_34,AD-T102,Video_Trending_Sound_Gear,37.88,3164,38,102.79
2025-07-22 00:00:00,CAMP-TT-01,TikTok_Spark_Influencer_UGC,SET-T01,GenZ_Adventure,AD-T101,UGC_Backpack_Unboxing,36.17,2602,27,101.12
2025-07-22 00:00:00,CAMP-TT-02,TikTok_TopView_Brand_Push,SET-T02,Broad_US_18_34,AD-T102,Video_Trending_Sound_Gear,38.57,3126,38,128.69
2025-07-23 00:00:00,CAMP-TT-01,TikTok_Spark_Influencer_UGC,SET-T01,GenZ_Adventure,AD-T101,UGC_Backpack_Unboxing,34.4,2554,27,100.01
2025-07-23 00:00:00,CAMP-TT-02,TikTok_TopView_Brand_Push,SET-T02,Broad_US_18_34,AD-T102,Video_Trending_Sound_Gear,53.12,4850,68,196.97
2025-07-24 00:00:00,CAMP-TT-01,TikTok_Spark_Influencer_UGC,SET-T01,GenZ_Adventure,AD-T101,UGC_Backpack_Unboxing,45.17,3391,45,167.58
2025-07-24 00:00:00,CAMP-TT-02,TikTok_TopView_Brand_Push,SET-T02,Broad_US_18_34,AD-T102,Video_Trending_Sound_Gear,42.29,3558,35,151.03
2025-07-25 00:00:00,CAMP-TT-01,TikTok_Spark_Influencer_UGC,SET-T01,GenZ_Adventure,AD-T101,UGC_Backpack_Unboxing,30.27,2560,26,88.37
2025-07-25 00:00:00,CAMP-TT-02,TikTok_TopView_Brand_Push,SET-T02,Broad_US_18_34,AD-T102,Video_Trending_Sound_Gear,62.25,4695,57,224.67
2025-07-26 00:00:00,CAMP-TT-01,TikTok_Spark_Influencer_UGC,SET-T01,GenZ_Adventure,AD-T101,UGC_Backpack_Unboxing,56.2,4845,54,141.35
2025-07-26 00:00:00,CAMP-TT-02,TikTok_TopView_Brand_Push,SET-T02,Broad_US_18_34,AD-T102,Video_Trending_Sound_Gear,75.19,6109,74,259.94
2025-07-27 00:00:00,CAMP-TT-01,TikTok_Spark_Influencer_UGC,SET-T01,GenZ_Adventure,AD-T101,UGC_Backpack_Unboxing,76.14,8157,71,249.39
2025-07-27 00:00:00,CAMP-TT-02,TikTok_TopView_Brand_Push,SET-T02,Broad_US_18_34,AD-T102,Video_Trending_Sound_Gear,56.87,6051,66,183.16
2025-07-28 00:00:00,CAMP-TT-01,TikTok_Spark_Influencer_UGC,SET-T01,GenZ_Adventure,AD-T101,UGC_Backpack_Unboxing,46.44,3685,46,136.19
2025-07-28 00:00:00,CAMP-TT-02,TikTok_TopView_Brand_Push,SET-T02,Broad_US_18_34,AD-T102,Video_Trending_Sound_Gear,67.74,5532,68,218.09
2025-07-29 00:00:00,CAMP-TT-01,TikTok_Spark_Influencer_UGC,SET-T01,GenZ_Adventure,AD-T101,UGC_Backpack_Unboxing,30.57,2449,26,113.89
2025-07-29 00:00:00,CAMP-TT-02,TikTok_TopView_Brand_Push,SET-T02,Broad_US_18_34,AD-T102,Video_Trending_Sound_Gear,70.9,5938,57,196.03
2025-07-30 00:00:00,CAMP-TT-01,TikTok_Spark_Influencer_UGC,SET-T01,GenZ_Adventure,AD-T101,UGC_Backpack_Unboxing,47.02,4130,41,149.03
2025-07-30 00:00:00,CAMP-TT-02,TikTok_TopView_Brand_Push,SET-T02,Broad_US_18_34,AD-T102,Video_Trending_Sound_Gear,38.27,2755,24,142.04
2025-07-31 00:00:00,CAMP-TT-01,TikTok_Spark_Influencer_UGC,SET-T01,GenZ_Adventure,AD-T101,UGC_Backpack_Unboxing,75.68,6509,85,232.1
2025-07-31 00:00:00,CAMP-TT-02,TikTok_TopView_Brand_Push,SET-T02,Broad_US_18_34,AD-T102,Video_Trending_Sound_Gear,61.5,5746,58,199.98
2025-08-01 00:00:00,CAMP-TT-01,TikTok_Spark_Influencer_UGC,SET-T01,GenZ_Adventure,AD-T101,UGC_Backpack_Unboxing,54.91,4615,46,163.47
2025-08-01 00:00:00,CAMP-TT-02,TikTok_TopView_Brand_Push,SET-T02,Broad_US_18_34,AD-T102,Video_Trending_Sound_Gear,34.19,3691,36,88.78
2025-08-02 00:00:00,CAMP-TT-01,TikTok_Spark_Influencer_UGC,SET-T01,GenZ_Adventure,AD-T101,UGC_Backpack_Unboxing,45.75,3501,28,153.57
2025-08-02 00:00:00,CAMP-TT-02,TikTok_TopView_Brand_Push,SET-T02,Broad_US_18_34,AD-T102,Video_Trending_Sound_Gear,56.72,4246,48,164.33
2025-08-03 00:00:00,CAMP-TT-01,TikTok_Spark_Influencer_UGC,SET-T01,GenZ_Adventure,AD-T101,UGC_Backpack_Unboxing,72.65,6659,79,192.44
2025-08-03 00:00:00,CAMP-TT-02,TikTok_TopView_Brand_Push,SET-T02,Broad_US_18_34,AD-T102,Video_Trending_Sound_Gear,103.8,9328,97,355.34
2025-08-04 00:00:00,CAMP-TT-01,TikTok_Spark_Influencer_UGC,SET-T01,GenZ_Adventure,AD-T101,UGC_Backpack_Unboxing,48.19,3660,40,165.55
2025-08-04 00:00:00,CAMP-TT-02,TikTok_TopView_Brand_Push,SET-T02,Broad_US_18_34,AD-T102,Video_Trending_Sound_Gear,35.37,2673,35,98.16
2025-08-05 00:00:00,CAMP-TT-01,TikTok_Spark_Influencer_UGC,SET-T01,GenZ_Adventure,AD-T101,UGC_Backpack_Unboxing,37.26,3521,52,105.59
2025-08-05 00:00:00,CAMP-TT-02,TikTok_TopView_Brand_Push,SET-T02,Broad_US_18_34,AD-T102,Video_Trending_Sound_Gear,52.81,5771,62,171.25
2025-08-06 00:00:00,CAMP-TT-01,TikTok_Spark_Influencer_UGC,SET-T01,GenZ_Adventure,AD-T101,UGC_Backpack_Unboxing,77.66,6704,92,249.39
2025-08-06 00:00:00,CAMP-TT-02,TikTok_TopView_Brand_Push,SET-T02,Broad_US_18_34,AD-T102,Video_Trending_Sound_Gear,32.04,3029,36,119.69
2025-08-07 00:00:00,CAMP-TT-01,TikTok_Spark_Influencer_UGC,SET-T01,GenZ_Adventure,AD-T101,UGC_Backpack_Unboxing,72.96,7194,68,201.48
2025-08-07 00:00:00,CAMP-TT-02,TikTok_TopView_Brand_Push,SET-T02,Broad_US_18_34,AD-T102,Video_Trending_Sound_Gear,76.12,5739,77,229.16
2025-08-08 00:00:00,CAMP-TT-01,TikTok_Spark_Influencer_UGC,SET-T01,GenZ_Adventure,AD-T101,UGC_Backpack_Unboxing,55.22,4877,47,174.3
2025-08-08 00:00:00,CAMP-TT-02,TikTok_TopView_Brand_Push,SET-T02,Broad_US_18_34,AD-T102,Video_Trending_Sound_Gear,31.52,3263,46,109.6
2025-08-09 00:00:00,CAMP-TT-01,TikTok_Spark_Influencer_UGC,SET-T01,GenZ_Adventure,AD-T101,UGC_Backpack_Unboxing,66.49,5738,60,230.26
2025-08-09 00:00:00,CAMP-TT-02,TikTok_TopView_Brand_Push,SET-T02,Broad_US_18_34,AD-T102,Video_Trending_Sound_Gear,89.97,7019,91,248.84
2025-08-10 00:00:00,CAMP-TT-01,TikTok_Spark_Influencer_UGC,SET-T01,GenZ_Adventure,AD-T101,UGC_Backpack_Unboxing,60.97,5372,55,212.26
2025-08-10 00:00:00,CAMP-TT-02,TikTok_TopView_Brand_Push,SET-T02,Broad_US_18_34,AD-T102,Video_Trending_Sound_Gear,60.41,6233,67,227.98
2025-08-11 00:00:00,CAMP-TT-01,TikTok_Spark_Influencer_UGC,SET-T01,GenZ_Adventure,AD-T101,UGC_Backpack_Unboxing,41.29,3423,37,107.04
2025-08-11 00:00:00,CAMP-TT-02,TikTok_TopView_Brand_Push,SET-T02,Broad_US_18_34,AD-T102,Video_Trending_Sound_Gear,54.39,4347,50,197.64
2025-08-12 00:00:00,CAMP-TT-01,TikTok_Spark_Influencer_UGC,SET-T01,GenZ_Adventure,AD-T101,UGC_Backpack_Unboxing,44.45,4713,68,132.98
2025-08-12 00:00:00,CAMP-TT-02,TikTok_TopView_Brand_Push,SET-T02,Broad_US_18_34,AD-T102,Video_Trending_Sound_Gear,58.82,4538,46,201.81
2025-08-13 00:00:00,CAMP-TT-01,TikTok_Spark_Influencer_UGC,SET-T01,GenZ_Adventure,AD-T101,UGC_Backpack_Unboxing,36.77,3516,31,130.7
2025-08-13 00:00:00,CAMP-TT-02,TikTok_TopView_Brand_Push,SET-T02,Broad_US_18_34,AD-T102,Video_Trending_Sound_Gear,41.13,3267,47,131.04
2025-08-14 00:00:00,CAMP-TT-01,TikTok_Spark_Influencer_UGC,SET-T01,GenZ_Adventure,AD-T101,UGC_Backpack_Unboxing,57.0,5041,51,177.75
2025-08-14 00:00:00,CAMP-TT-02,TikTok_TopView_Brand_Push,SET-T02,Broad_US_18_34,AD-T102,Video_Trending_Sound_Gear,60.14,4317,62,217.75
2025-08-15 00:00:00,CAMP-TT-01,TikTok_Spark_Influencer_UGC,SET-T01,GenZ_Adventure,AD-T101,UGC_Backpack_Unboxing,74.46,6566,82,272.79
2025-08-15 00:00:00,CAMP-TT-02,TikTok_TopView_Brand_Push,SET-T02,Broad_US_18_34,AD-T102,Video_Trending_Sound_Gear,49.65,3595,39,162.92
2025-08-16 00:00:00,CAMP-TT-01,TikTok_Spark_Influencer_UGC,SET-T01,GenZ_Adventure,AD-T101,UGC_Backpack_Unboxing,85.14,6190,60,295.43
2025-08-16 00:00:00,CAMP-TT-02,TikTok_TopView_Brand_Push,SET-T02,Broad_US_18_34,AD-T102,Video_Trending_Sound_Gear,72.85,7043,94,234.42
2025-08-17 00:00:00,CAMP-TT-01,TikTok_Spark_Influencer_UGC,SET-T01,GenZ_Adventure,AD-T101,UGC_Backpack_Unboxing,81.96,7721,87,270.68
2025-08-17 00:00:00,CAMP-TT-02,TikTok_TopView_Brand_Push,SET-T02,Broad_US_18_34,AD-T102,Video_Trending_Sound_Gear,65.32,6537,96,206.73
2025-08-18 00:00:00,CAMP-TT-01,TikTok_Spark_Influencer_UGC,SET-T01,GenZ_Adventure,AD-T101,UGC_Backpack_Unboxing,66.7,6033,63,202.06
2025-08-18 00:00:00,CAMP-TT-02,TikTok_TopView_Brand_Push,SET-T02,Broad_US_18_34,AD-T102,Video_Trending_Sound_Gear,50.46,4305,50,158.76
2025-08-19 00:00:00,CAMP-TT-01,TikTok_Spark_Influencer_UGC,SET-T01,GenZ_Adventure,AD-T101,UGC_Backpack_Unboxing,36.74,3200,29,97.87
2025-08-19 00:00:00,CAMP-TT-02,TikTok_TopView_Brand_Push,SET-T02,Broad_US_18_34,AD-T102,Video_Trending_Sound_Gear,76.63,6372,80,231.6
2025-08-20 00:00:00,CAMP-TT-01,TikTok_Spark_Influencer_UGC,SET-T01,GenZ_Adventure,AD-T101,UGC_Backpack_Unboxing,75.45,6189,82,224.78
2025-08-20 00:00:00,CAMP-TT-02,TikTok_TopView_Brand_Push,SET-T02,Broad_US_18_34,AD-T102,Video_Trending_Sound_Gear,78.0,5953,83,212.46
2025-08-21 00:00:00,CAMP-TT-01,TikTok_Spark_Influencer_UGC,SET-T01,GenZ_Adventure,AD-T101,UGC_Backpack_Unboxing,43.55,4176,41,157.3
2025-08-21 00:00:00,CAMP-TT-02,TikTok_TopView_Brand_Push,SET-T02,Broad_US_18_34,AD-T102,Video_Trending_Sound_Gear,31.59,3367,33,87.18
2025-08-22 00:00:00,CAMP-TT-01,TikTok_Spark_Influencer_UGC,SET-T01,GenZ_Adventure,AD-T101,UGC_Backpack_Unboxing,41.59,3201,38,104.29
2025-08-22 00:00:00,CAMP-TT-02,TikTok_TopView_Brand_Push,SET-T02,Broad_US_18_34,AD-T102,Video_Trending_Sound_Gear,51.47,4662,41,173.92
2025-08-23 00:00:00,CAMP-TT-01,TikTok_Spark_Influencer_UGC,SET-T01,GenZ_Adventure,AD-T101,UGC_Backpack_Unboxing,84.64,6715,87,211.61
2025-08-23 00:00:00,CAMP-TT-02,TikTok_TopView_Brand_Push,SET-T02,Broad_US_18_34,AD-T102,Video_Trending_Sound_Gear,101.0,7727,110,254.55
2025-08-24 00:00:00,CAMP-TT-01,TikTok_Spark_Influencer_UGC,SET-T01,GenZ_Adventure,AD-T101,UGC_Backpack_Unboxing,99.7,7640,105,261.34
2025-08-24 00:00:00,CAMP-TT-02,TikTok_TopView_Brand_Push,SET-T02,Broad_US_18_34,AD-T102,Video_Trending_Sound_Gear,87.02,6305,80,282.1
2025-08-25 00:00:00,CAMP-TT-01,TikTok_Spark_Influencer_UGC,SET-T01,GenZ_Adventure,AD-T101,UGC_Backpack_Unboxing,77.28,6890,84,241.05
2025-08-25 00:00:00,CAMP-TT-02,TikTok_TopView_Brand_Push,SET-T02,Broad_US_18_34,AD-T102,Video_Trending_Sound_Gear,76.64,8170,94,260.04
2025-08-26 00:00:00,CAMP-TT-01,TikTok_Spark_Influencer_UGC,SET-T01,GenZ_Adventure,AD-T101,UGC_Backpack_Unboxing,69.6,5841,83,259.23
2025-08-26 00:00:00,CAMP-TT-02,TikTok_TopView_Brand_Push,SET-T02,Broad_US_18_34,AD-T102,Video_Trending_Sound_Gear,33.22,3016,24,97.28
2025-08-27 00:00:00,CAMP-TT-01,TikTok_Spark_Influencer_UGC,SET-T01,GenZ_Adventure,AD-T101,UGC_Backpack_Unboxing,56.84,4193,58,151.52
2025-08-27 00:00:00,CAMP-TT-02,TikTok_TopView_Brand_Push,SET-T02,Broad_US_18_34,AD-T102,Video_Trending_Sound_Gear,34.65,2900,34,98.62
2025-08-28 00:00:00,CAMP-TT-01,TikTok_Spark_Influencer_UGC,SET-T01,GenZ_Adventure,AD-T101,UGC_Backpack_Unboxing,74.97,5497,59,274.19
2025-08-28 00:00:00,CAMP-TT-02,TikTok_TopView_Brand_Push,SET-T02,Broad_US_18_34,AD-T102,Video_Trending_Sound_Gear,49.2,3878,43,130.84
2025-08-29 00:00:00,CAMP-TT-01,TikTok_Spark_Influencer_UGC,SET-T01,GenZ_Adventure,AD-T101,UGC_Backpack_Unboxing,76.4,6778,89,227.47
2025-08-29 00:00:00,CAMP-TT-02,TikTok_TopView_Brand_Push,SET-T02,Broad_US_18_34,AD-T102,Video_Trending_Sound_Gear,30.94,3255,37,105.1
2025-08-30 00:00:00,CAMP-TT-01,TikTok_Spark_Influencer_UGC,SET-T01,GenZ_Adventure,AD-T101,UGC_Backpack_Unboxing,60.76,4869,62,207.5
2025-08-30 00:00:00,CAMP-TT-02,TikTok_TopView_Brand_Push,SET-T02,Broad_US_18_34,AD-T102,Video_Trending_Sound_Gear,71.01,5231,59,219.09
2025-08-31 00:00:00,CAMP-TT-01,TikTok_Spark_Influencer_UGC,SET-T01,GenZ_Adventure,AD-T101,UGC_Backpack_Unboxing,51.96,4930,40,172.69
2025-08-31 00:00:00,CAMP-TT-02,TikTok_TopView_Brand_Push,SET-T02,Broad_US_18_34,AD-T102,Video_Trending_Sound_Gear,55.15,5242,70,161.34
2025-09-01 00:00:00,CAMP-TT-01,TikTok_Spark_Influencer_UGC,SET-T01,GenZ_Adventure,AD-T101,UGC_Backpack_Unboxing,42.11,4277,57,112.38
2025-09-01 00:00:00,CAMP-TT-02,TikTok_TopView_Brand_Push,SET-T02,Broad_US_18_34,AD-T102,Video_Trending_Sound_Gear,52.69,4567,58,175.1
2025-09-02 00:00:00,CAMP-TT-01,TikTok_Spark_Influencer_UGC,SET-T01,GenZ_Adventure,AD-T101,UGC_Backpack_Unboxing,70.54,7647,77,202.04
2025-09-02 00:00:00,CAMP-TT-02,TikTok_TopView_Brand_Push,SET-T02,Broad_US_18_34,AD-T102,Video_Trending_Sound_Gear,37.3,3570,36,118.56
2025-09-03 00:00:00,CAMP-TT-01,TikTok_Spark_Influencer_UGC,SET-T01,GenZ_Adventure,AD-T101,UGC_Backpack_Unboxing,63.19,5794,75,185.59
2025-09-03 00:00:00,CAMP-TT-02,TikTok_TopView_Brand_Push,SET-T02,Broad_US_18_34,AD-T102,Video_Trending_Sound_Gear,44.51,3802,31,115.89
2025-09-04 00:00:00,CAMP-TT-01,TikTok_Spark_Influencer_UGC,SET-T01,GenZ_Adventure,AD-T101,UGC_Backpack_Unboxing,50.9,3711,48,133.08
2025-09-04 00:00:00,CAMP-TT-02,TikTok_TopView_Brand_Push,SET-T02,Broad_US_18_34,AD-T102,Video_Trending_Sound_Gear,72.32,5711,70,257.92
2025-09-05 00:00:00,CAMP-TT-01,TikTok_Spark_Influencer_UGC,SET-T01,GenZ_Adventure,AD-T101,UGC_Backpack_Unboxing,50.21,4967,57,161.35
2025-09-05 00:00:00,CAMP-TT-02,TikTok_TopView_Brand_Push,SET-T02,Broad_US_18_34,AD-T102,Video_Trending_Sound_Gear,56.92,4813,70,209.06
2025-09-06 00:00:00,CAMP-TT-01,TikTok_Spark_Influencer_UGC,SET-T01,GenZ_Adventure,AD-T101,UGC_Backpack_Unboxing,95.92,7374,107,252.08
2025-09-06 00:00:00,CAMP-TT-02,TikTok_TopView_Brand_Push,SET-T02,Broad_US_18_34,AD-T102,Video_Trending_Sound_Gear,56.23,4900,68,177.5
2025-09-07 00:00:00,CAMP-TT-01,TikTok_Spark_Influencer_UGC,SET-T01,GenZ_Adventure,AD-T101,UGC_Backpack_Unboxing,87.62,9037,88,302.4
2025-09-07 00:00:00,CAMP-TT-02,TikTok_TopView_Brand_Push,SET-T02,Broad_US_18_34,AD-T102,Video_Trending_Sound_Gear,49.71,4621,45,146.88
2025-09-08 00:00:00,CAMP-TT-01,TikTok_Spark_Influencer_UGC,SET-T01,GenZ_Adventure,AD-T101,UGC_Backpack_Unboxing,65.42,6035,71,172.05
2025-09-08 00:00:00,CAMP-TT-02,TikTok_TopView_Brand_Push,SET-T02,Broad_US_18_34,AD-T102,Video_Trending_Sound_Gear,70.25,6474,81,241.87
2025-09-09 00:00:00,CAMP-TT-01,TikTok_Spark_Influencer_UGC,SET-T01,GenZ_Adventure,AD-T101,UGC_Backpack_Unboxing,40.48,3015,37,123.76
2025-09-09 00:00:00,CAMP-TT-02,TikTok_TopView_Brand_Push,SET-T02,Broad_US_18_34,AD-T102,Video_Trending_Sound_Gear,39.12,2853,37,108.38
2025-09-10 00:00:00,CAMP-TT-01,TikTok_Spark_Influencer_UGC,SET-T01,GenZ_Adventure,AD-T101,UGC_Backpack_Unboxing,46.89,3593,46,163.9
2025-09-10 00:00:00,CAMP-TT-02,TikTok_TopView_Brand_Push,SET-T02,Broad_US_18_34,AD-T102,Video_Trending_Sound_Gear,52.06,4137,44,144.45
2025-09-11 00:00:00,CAMP-TT-01,TikTok_Spark_Influencer_UGC,SET-T01,GenZ_Adventure,AD-T101,UGC_Backpack_Unboxing,61.63,4440,45,191.01
2025-09-11 00:00:00,CAMP-TT-02,TikTok_TopView_Brand_Push,SET-T02,Broad_US_18_34,AD-T102,Video_Trending_Sound_Gear,63.7,5440,75,222.33
2025-09-12 00:00:00,CAMP-TT-01,TikTok_Spark_Influencer_UGC,SET-T01,GenZ_Adventure,AD-T101,UGC_Backpack_Unboxing,32.91,2352,31,119.24
2025-09-12 00:00:00,CAMP-TT-02,TikTok_TopView_Brand_Push,SET-T02,Broad_US_18_34,AD-T102,Video_Trending_Sound_Gear,62.56,4710,41,184.68
2025-09-13 00:00:00,CAMP-TT-01,TikTok_Spark_Influencer_UGC,SET-T01,GenZ_Adventure,AD-T101,UGC_Backpack_Unboxing,95.97,9589,81,338.25
2025-09-13 00:00:00,CAMP-TT-02,TikTok_TopView_Brand_Push,SET-T02,Broad_US_18_34,AD-T102,Video_Trending_Sound_Gear,93.31,9508,132,316.58
2025-09-14 00:00:00,CAMP-TT-01,TikTok_Spark_Influencer_UGC,SET-T01,GenZ_Adventure,AD-T101,UGC_Backpack_Unboxing,72.81,5536,60,200.39
2025-09-14 00:00:00,CAMP-TT-02,TikTok_TopView_Brand_Push,SET-T02,Broad_US_18_34,AD-T102,Video_Trending_Sound_Gear,57.52,4990,58,204.04
2025-09-15 00:00:00,CAMP-TT-01,TikTok_Spark_Influencer_UGC,SET-T01,GenZ_Adventure,AD-T101,UGC_Backpack_Unboxing,69.57,5842,78,191.27
2025-09-15 00:00:00,CAMP-TT-02,TikTok_TopView_Brand_Push,SET-T02,Broad_US_18_34,AD-T102,Video_Trending_Sound_Gear,32.5,2431,20,91.67
2025-09-16 00:00:00,CAMP-TT-01,TikTok_Spark_Influencer_UGC,SET-T01,GenZ_Adventure,AD-T101,UGC_Backpack_Unboxing,64.77,5863,82,187.02
2025-09-16 00:00:00,CAMP-TT-02,TikTok_TopView_Brand_Push,SET-T02,Broad_US_18_34,AD-T102,Video_Trending_Sound_Gear,30.59,2912,35,91.42
2025-09-17 00:00:00,CAMP-TT-01,TikTok_Spark_Influencer_UGC,SET-T01,GenZ_Adventure,AD-T101,UGC_Backpack_Unboxing,56.74,4239,60,161.47
2025-09-17 00:00:00,CAMP-TT-02,TikTok_TopView_Brand_Push,SET-T02,Broad_US_18_34,AD-T102,Video_Trending_Sound_Gear,53.11,4521,66,201.72
2025-09-18 00:00:00,CAMP-TT-01,TikTok_Spark_Influencer_UGC,SET-T01,GenZ_Adventure,AD-T101,UGC_Backpack_Unboxing,41.77,3305,35,104.87
2025-09-18 00:00:00,CAMP-TT-02,TikTok_TopView_Brand_Push,SET-T02,Broad_US_18_34,AD-T102,Video_Trending_Sound_Gear,30.46,2694,30,77.04
2025-09-19 00:00:00,CAMP-TT-01,TikTok_Spark_Influencer_UGC,SET-T01,GenZ_Adventure,AD-T101,UGC_Backpack_Unboxing,64.35,6146,73,186.05
2025-09-19 00:00:00,CAMP-TT-02,TikTok_TopView_Brand_Push,SET-T02,Broad_US_18_34,AD-T102,Video_Trending_Sound_Gear,38.36,3475,33,122.57
2025-09-20 00:00:00,CAMP-TT-01,TikTok_Spark_Influencer_UGC,SET-T01,GenZ_Adventure,AD-T101,UGC_Backpack_Unboxing,51.92,4498,40,175.09
2025-09-20 00:00:00,CAMP-TT-02,TikTok_TopView_Brand_Push,SET-T02,Broad_US_18_34,AD-T102,Video_Trending_Sound_Gear,88.01,9213,103,228.13
2025-09-21 00:00:00,CAMP-TT-01,TikTok_Spark_Influencer_UGC,SET-T01,GenZ_Adventure,AD-T101,UGC_Backpack_Unboxing,77.88,7545,88,247.09
2025-09-21 00:00:00,CAMP-TT-02,TikTok_TopView_Brand_Push,SET-T02,Broad_US_18_34,AD-T102,Video_Trending_Sound_Gear,99.08,8435,101,299.43
2025-09-22 00:00:00,CAMP-TT-01,TikTok_Spark_Influencer_UGC,SET-T01,GenZ_Adventure,AD-T101,UGC_Backpack_Unboxing,77.45,6010,60,278.62
2025-09-22 00:00:00,CAMP-TT-02,TikTok_TopView_Brand_Push,SET-T02,Broad_US_18_34,AD-T102,Video_Trending_Sound_Gear,51.62,3927,54,141.72
2025-09-23 00:00:00,CAMP-TT-01,TikTok_Spark_Influencer_UGC,SET-T01,GenZ_Adventure,AD-T101,UGC_Backpack_Unboxing,65.06,6223,62,187.71
2025-09-23 00:00:00,CAMP-TT-02,TikTok_TopView_Brand_Push,SET-T02,Broad_US_18_34,AD-T102,Video_Trending_Sound_Gear,66.28,6530,52,227.33
2025-09-24 00:00:00,CAMP-TT-01,TikTok_Spark_Influencer_UGC,SET-T01,GenZ_Adventure,AD-T101,UGC_Backpack_Unboxing,38.56,4049,39,115.44
2025-09-24 00:00:00,CAMP-TT-02,TikTok_TopView_Brand_Push,SET-T02,Broad_US_18_34,AD-T102,Video_Trending_Sound_Gear,53.8,5833,86,184.58
2025-09-25 00:00:00,CAMP-TT-01,TikTok_Spark_Influencer_UGC,SET-T01,GenZ_Adventure,AD-T101,UGC_Backpack_Unboxing,46.16,4357,48,152.98
2025-09-25 00:00:00,CAMP-TT-02,TikTok_TopView_Brand_Push,SET-T02,Broad_US_18_34,AD-T102,Video_Trending_Sound_Gear,37.32,3752,52,105.73
2025-09-26 00:00:00,CAMP-TT-01,TikTok_Spark_Influencer_UGC,SET-T01,GenZ_Adventure,AD-T101,UGC_Backpack_Unboxing,49.01,3669,46,144.3
2025-09-26 00:00:00,CAMP-TT-02,TikTok_TopView_Brand_Push,SET-T02,Broad_US_18_34,AD-T102,Video_Trending_Sound_Gear,64.18,7053,92,201.08
2025-09-27 00:00:00,CAMP-TT-01,TikTok_Spark_Influencer_UGC,SET-T01,GenZ_Adventure,AD-T101,UGC_Backpack_Unboxing,91.86,6669,96,338.23
2025-09-27 00:00:00,CAMP-TT-02,TikTok_TopView_Brand_Push,SET-T02,Broad_US_18_34,AD-T102,Video_Trending_Sound_Gear,72.29,6693,75,245.56
2025-09-28 00:00:00,CAMP-TT-01,TikTok_Spark_Influencer_UGC,SET-T01,GenZ_Adventure,AD-T101,UGC_Backpack_Unboxing,96.46,9612,138,343.37
2025-09-28 00:00:00,CAMP-TT-02,TikTok_TopView_Brand_Push,SET-T02,Broad_US_18_34,AD-T102,Video_Trending_Sound_Gear,102.63,7658,76,270.71
2025-09-29 00:00:00,CAMP-TT-01,TikTok_Spark_Influencer_UGC,SET-T01,GenZ_Adventure,AD-T101,UGC_Backpack_Unboxing,35.61,3405,41,126.26
2025-09-29 00:00:00,CAMP-TT-02,TikTok_TopView_Brand_Push,SET-T02,Broad_US_18_34,AD-T102,Video_Trending_Sound_Gear,74.96,6185,49,205.56
2025-09-30 00:00:00,CAMP-TT-01,TikTok_Spark_Influencer_UGC,SET-T01,GenZ_Adventure,AD-T101,UGC_Backpack_Unboxing,34.99,3234,37,89.45
2025-09-30 00:00:00,CAMP-TT-02,TikTok_TopView_Brand_Push,SET-T02,Broad_US_18_34,AD-T102,Video_Trending_Sound_Gear,47.42,4791,60,147.17
2025-10-01 00:00:00,CAMP-TT-01,TikTok_Spark_Influencer_UGC,SET-T01,GenZ_Adventure,AD-T101,UGC_Backpack_Unboxing,54.77,4917,72,152.21
2025-10-01 00:00:00,CAMP-TT-02,TikTok_TopView_Brand_Push,SET-T02,Broad_US_18_34,AD-T102,Video_Trending_Sound_Gear,55.83,4402,52,207.0
2025-10-02 00:00:00,CAMP-TT-01,TikTok_Spark_Influencer_UGC,SET-T01,GenZ_Adventure,AD-T101,UGC_Backpack_Unboxing,48.9,4320,37,160.96
2025-10-02 00:00:00,CAMP-TT-02,TikTok_TopView_Brand_Push,SET-T02,Broad_US_18_34,AD-T102,Video_Trending_Sound_Gear,44.41,4530,53,141.76
2025-10-03 00:00:00,CAMP-TT-01,TikTok_Spark_Influencer_UGC,SET-T01,GenZ_Adventure,AD-T101,UGC_Backpack_Unboxing,33.79,2705,33,92.78
2025-10-03 00:00:00,CAMP-TT-02,TikTok_TopView_Brand_Push,SET-T02,Broad_US_18_34,AD-T102,Video_Trending_Sound_Gear,53.47,4243,49,161.17
2025-10-04 00:00:00,CAMP-TT-01,TikTok_Spark_Influencer_UGC,SET-T01,GenZ_Adventure,AD-T101,UGC_Backpack_Unboxing,59.95,4974,72,202.23
2025-10-04 00:00:00,CAMP-TT-02,TikTok_TopView_Brand_Push,SET-T02,Broad_US_18_34,AD-T102,Video_Trending_Sound_Gear,43.86,3880,55,115.04
2025-10-05 00:00:00,CAMP-TT-01,TikTok_Spark_Influencer_UGC,SET-T01,GenZ_Adventure,AD-T101,UGC_Backpack_Unboxing,103.28,7513,64,383.52
2025-10-05 00:00:00,CAMP-TT-02,TikTok_TopView_Brand_Push,SET-T02,Broad_US_18_34,AD-T102,Video_Trending_Sound_Gear,62.6,4733,51,192.38
2025-10-06 00:00:00,CAMP-TT-01,TikTok_Spark_Influencer_UGC,SET-T01,GenZ_Adventure,AD-T101,UGC_Backpack_Unboxing,61.71,4793,39,201.86
2025-10-06 00:00:00,CAMP-TT-02,TikTok_TopView_Brand_Push,SET-T02,Broad_US_18_34,AD-T102,Video_Trending_Sound_Gear,39.34,3666,38,122.34
2025-10-07 00:00:00,CAMP-TT-01,TikTok_Spark_Influencer_UGC,SET-T01,GenZ_Adventure,AD-T101,UGC_Backpack_Unboxing,46.71,4897,44,118.81
2025-10-07 00:00:00,CAMP-TT-02,TikTok_TopView_Brand_Push,SET-T02,Broad_US_18_34,AD-T102,Video_Trending_Sound_Gear,53.51,3885,34,199.6
2025-10-08 00:00:00,CAMP-TT-01,TikTok_Spark_Influencer_UGC,SET-T01,GenZ_Adventure,AD-T101,UGC_Backpack_Unboxing,66.67,5470,68,238.33
2025-10-08 00:00:00,CAMP-TT-02,TikTok_TopView_Brand_Push,SET-T02,Broad_US_18_34,AD-T102,Video_Trending_Sound_Gear,35.35,3067,39,115.34
2025-10-09 00:00:00,CAMP-TT-01,TikTok_Spark_Influencer_UGC,SET-T01,GenZ_Adventure,AD-T101,UGC_Backpack_Unboxing,71.64,7652,98,228.84
2025-10-09 00:00:00,CAMP-TT-02,TikTok_TopView_Brand_Push,SET-T02,Broad_US_18_34,AD-T102,Video_Trending_Sound_Gear,48.96,4575,56,179.11
2025-10-10 00:00:00,CAMP-TT-01,TikTok_Spark_Influencer_UGC,SET-T01,GenZ_Adventure,AD-T101,UGC_Backpack_Unboxing,54.81,4176,45,144.32
2025-10-10 00:00:00,CAMP-TT-02,TikTok_TopView_Brand_Push,SET-T02,Broad_US_18_34,AD-T102,Video_Trending_Sound_Gear,33.08,3573,38,97.2
2025-10-11 00:00:00,CAMP-TT-01,TikTok_Spark_Influencer_UGC,SET-T01,GenZ_Adventure,AD-T101,UGC_Backpack_Unboxing,85.67,6738,56,238.8
2025-10-11 00:00:00,CAMP-TT-02,TikTok_TopView_Brand_Push,SET-T02,Broad_US_18_34,AD-T102,Video_Trending_Sound_Gear,56.83,4841,43,151.97
2025-10-12 00:00:00,CAMP-TT-01,TikTok_Spark_Influencer_UGC,SET-T01,GenZ_Adventure,AD-T101,UGC_Backpack_Unboxing,100.35,7706,71,303.91
2025-10-12 00:00:00,CAMP-TT-02,TikTok_TopView_Brand_Push,SET-T02,Broad_US_18_34,AD-T102,Video_Trending_Sound_Gear,62.12,4795,55,165.62
2025-10-13 00:00:00,CAMP-TT-01,TikTok_Spark_Influencer_UGC,SET-T01,GenZ_Adventure,AD-T101,UGC_Backpack_Unboxing,66.95,6094,59,200.06
2025-10-13 00:00:00,CAMP-TT-02,TikTok_TopView_Brand_Push,SET-T02,Broad_US_18_34,AD-T102,Video_Trending_Sound_Gear,54.89,5122,49,165.66
2025-10-14 00:00:00,CAMP-TT-01,TikTok_Spark_Influencer_UGC,SET-T01,GenZ_Adventure,AD-T101,UGC_Backpack_Unboxing,30.96,2406,22,79.17
2025-10-14 00:00:00,CAMP-TT-02,TikTok_TopView_Brand_Push,SET-T02,Broad_US_18_34,AD-T102,Video_Trending_Sound_Gear,62.68,4870,66,196.91
2025-10-15 00:00:00,CAMP-TT-01,TikTok_Spark_Influencer_UGC,SET-T01,GenZ_Adventure,AD-T101,UGC_Backpack_Unboxing,40.27,3174,40,113.57
2025-10-15 00:00:00,CAMP-TT-02,TikTok_TopView_Brand_Push,SET-T02,Broad_US_18_34,AD-T102,Video_Trending_Sound_Gear,75.17,7894,117,271.99
2025-10-16 00:00:00,CAMP-TT-01,TikTok_Spark_Influencer_UGC,SET-T01,GenZ_Adventure,AD-T101,UGC_Backpack_Unboxing,64.39,4702,61,176.92
2025-10-16 00:00:00,CAMP-TT-02,TikTok_TopView_Brand_Push,SET-T02,Broad_US_18_34,AD-T102,Video_Trending_Sound_Gear,52.11,5568,59,180.51
2025-10-17 00:00:00,CAMP-TT-01,TikTok_Spark_Influencer_UGC,SET-T01,GenZ_Adventure,AD-T101,UGC_Backpack_Unboxing,49.32,4630,56,179.22
2025-10-17 00:00:00,CAMP-TT-02,TikTok_TopView_Brand_Push,SET-T02,Broad_US_18_34,AD-T102,Video_Trending_Sound_Gear,32.38,2963,26,110.22
2025-10-18 00:00:00,CAMP-TT-01,TikTok_Spark_Influencer_UGC,SET-T01,GenZ_Adventure,AD-T101,UGC_Backpack_Unboxing,45.87,3721,37,126.54
2025-10-18 00:00:00,CAMP-TT-02,TikTok_TopView_Brand_Push,SET-T02,Broad_US_18_34,AD-T102,Video_Trending_Sound_Gear,99.86,10982,121,252.46
2025-10-19 00:00:00,CAMP-TT-01,TikTok_Spark_Influencer_UGC,SET-T01,GenZ_Adventure,AD-T101,UGC_Backpack_Unboxing,70.43,6121,62,188.18
2025-10-19 00:00:00,CAMP-TT-02,TikTok_TopView_Brand_Push,SET-T02,Broad_US_18_34,AD-T102,Video_Trending_Sound_Gear,63.47,5134,69,202.47
2025-10-20 00:00:00,CAMP-TT-01,TikTok_Spark_Influencer_UGC,SET-T01,GenZ_Adventure,AD-T101,UGC_Backpack_Unboxing,59.49,5947,59,161.25
2025-10-20 00:00:00,CAMP-TT-02,TikTok_TopView_Brand_Push,SET-T02,Broad_US_18_34,AD-T102,Video_Trending_Sound_Gear,42.46,4193,48,137.21
2025-10-21 00:00:00,CAMP-TT-01,TikTok_Spark_Influencer_UGC,SET-T01,GenZ_Adventure,AD-T101,UGC_Backpack_Unboxing,77.25,7742,96,275.2
2025-10-21 00:00:00,CAMP-TT-02,TikTok_TopView_Brand_Push,SET-T02,Broad_US_18_34,AD-T102,Video_Trending_Sound_Gear,58.01,5645,55,147.99
2025-10-22 00:00:00,CAMP-TT-01,TikTok_Spark_Influencer_UGC,SET-T01,GenZ_Adventure,AD-T101,UGC_Backpack_Unboxing,45.27,3558,29,126.08
2025-10-22 00:00:00,CAMP-TT-02,TikTok_TopView_Brand_Push,SET-T02,Broad_US_18_34,AD-T102,Video_Trending_Sound_Gear,65.31,5057,56,222.54
2025-10-23 00:00:00,CAMP-TT-01,TikTok_Spark_Influencer_UGC,SET-T01,GenZ_Adventure,AD-T101,UGC_Backpack_Unboxing,49.4,5041,54,160.75
2025-10-23 00:00:00,CAMP-TT-02,TikTok_TopView_Brand_Push,SET-T02,Broad_US_18_34,AD-T102,Video_Trending_Sound_Gear,77.4,8283,95,226.6
2025-10-24 00:00:00,CAMP-TT-01,TikTok_Spark_Influencer_UGC,SET-T01,GenZ_Adventure,AD-T101,UGC_Backpack_Unboxing,55.42,6076,61,197.62
2025-10-24 00:00:00,CAMP-TT-02,TikTok_TopView_Brand_Push,SET-T02,Broad_US_18_34,AD-T102,Video_Trending_Sound_Gear,57.7,5127,51,166.61
2025-10-25 00:00:00,CAMP-TT-01,TikTok_Spark_Influencer_UGC,SET-T01,GenZ_Adventure,AD-T101,UGC_Backpack_Unboxing,63.9,4849,71,196.19
2025-10-25 00:00:00,CAMP-TT-02,TikTok_TopView_Brand_Push,SET-T02,Broad_US_18_34,AD-T102,Video_Trending_Sound_Gear,64.57,4879,53,207.76
2025-10-26 00:00:00,CAMP-TT-01,TikTok_Spark_Influencer_UGC,SET-T01,GenZ_Adventure,AD-T101,UGC_Backpack_Unboxing,54.01,4246,49,191.83
2025-10-26 00:00:00,CAMP-TT-02,TikTok_TopView_Brand_Push,SET-T02,Broad_US_18_34,AD-T102,Video_Trending_Sound_Gear,89.75,8908,115,317.72
2025-10-27 00:00:00,CAMP-TT-01,TikTok_Spark_Influencer_UGC,SET-T01,GenZ_Adventure,AD-T101,UGC_Backpack_Unboxing,47.31,4796,38,146.01
2025-10-27 00:00:00,CAMP-TT-02,TikTok_TopView_Brand_Push,SET-T02,Broad_US_18_34,AD-T102,Video_Trending_Sound_Gear,47.62,4044,37,172.27
2025-10-28 00:00:00,CAMP-TT-01,TikTok_Spark_Influencer_UGC,SET-T01,GenZ_Adventure,AD-T101,UGC_Backpack_Unboxing,42.89,4233,48,135.04
2025-10-28 00:00:00,CAMP-TT-02,TikTok_TopView_Brand_Push,SET-T02,Broad_US_18_34,AD-T102,Video_Trending_Sound_Gear,40.75,3933,36,139.94
2025-10-29 00:00:00,CAMP-TT-01,TikTok_Spark_Influencer_UGC,SET-T01,GenZ_Adventure,AD-T101,UGC_Backpack_Unboxing,68.5,6055,78,236.79
2025-10-29 00:00:00,CAMP-TT-02,TikTok_TopView_Brand_Push,SET-T02,Broad_US_18_34,AD-T102,Video_Trending_Sound_Gear,36.91,2668,36,102.09
2025-10-30 00:00:00,CAMP-TT-01,TikTok_Spark_Influencer_UGC,SET-T01,GenZ_Adventure,AD-T101,UGC_Backpack_Unboxing,39.31,4082,36,136.51
2025-10-30 00:00:00,CAMP-TT-02,TikTok_TopView_Brand_Push,SET-T02,Broad_US_18_34,AD-T102,Video_Trending_Sound_Gear,53.48,4141,54,175.74
2025-10-31 00:00:00,CAMP-TT-01,TikTok_Spark_Influencer_UGC,SET-T01,GenZ_Adventure,AD-T101,UGC_Backpack_Unboxing,64.32,7074,72,214.13
2025-10-31 00:00:00,CAMP-TT-02,TikTok_TopView_Brand_Push,SET-T02,Broad_US_18_34,AD-T102,Video_Trending_Sound_Gear,30.47,3324,46,103.27
2025-11-01 00:00:00,CAMP-TT-01,TikTok_Spark_Influencer_UGC,SET-T01,GenZ_Adventure,AD-T101,UGC_Backpack_Unboxing,56.25,4521,61,163.06
2025-11-01 00:00:00,CAMP-TT-02,TikTok_TopView_Brand_Push,SET-T02,Broad_US_18_34,AD-T102,Video_Trending_Sound_Gear,41.34,3025,31,109.07
2025-11-02 00:00:00,CAMP-TT-01,TikTok_Spark_Influencer_UGC,SET-T01,GenZ_Adventure,AD-T101,UGC_Backpack_Unboxing,70.97,5526,52,202.29
2025-11-02 00:00:00,CAMP-TT-02,TikTok_TopView_Brand_Push,SET-T02,Broad_US_18_34,AD-T102,Video_Trending_Sound_Gear,54.78,3924,36,177.94
2025-11-03 00:00:00,CAMP-TT-01,TikTok_Spark_Influencer_UGC,SET-T01,GenZ_Adventure,AD-T101,UGC_Backpack_Unboxing,76.26,7834,115,284.58
2025-11-03 00:00:00,CAMP-TT-02,TikTok_TopView_Brand_Push,SET-T02,Broad_US_18_34,AD-T102,Video_Trending_Sound_Gear,74.23,7369,91,259.0
2025-11-04 00:00:00,CAMP-TT-01,TikTok_Spark_Influencer_UGC,SET-T01,GenZ_Adventure,AD-T101,UGC_Backpack_Unboxing,79.3,8008,107,233.18
2025-11-04 00:00:00,CAMP-TT-02,TikTok_TopView_Brand_Push,SET-T02,Broad_US_18_34,AD-T102,Video_Trending_Sound_Gear,38.78,3491,47,120.38
2025-11-05 00:00:00,CAMP-TT-01,TikTok_Spark_Influencer_UGC,SET-T01,GenZ_Adventure,AD-T101,UGC_Backpack_Unboxing,56.88,4069,43,187.71
2025-11-05 00:00:00,CAMP-TT-02,TikTok_TopView_Brand_Push,SET-T02,Broad_US_18_34,AD-T102,Video_Trending_Sound_Gear,48.26,4401,56,179.49
2025-11-06 00:00:00,CAMP-TT-01,TikTok_Spark_Influencer_UGC,SET-T01,GenZ_Adventure,AD-T101,UGC_Backpack_Unboxing,57.12,4447,38,158.48
2025-11-06 00:00:00,CAMP-TT-02,TikTok_TopView_Brand_Push,SET-T02,Broad_US_18_34,AD-T102,Video_Trending_Sound_Gear,55.11,6056,59,174.84
2025-11-07 00:00:00,CAMP-TT-01,TikTok_Spark_Influencer_UGC,SET-T01,GenZ_Adventure,AD-T101,UGC_Backpack_Unboxing,30.75,2978,34,99.79
2025-11-07 00:00:00,CAMP-TT-02,TikTok_TopView_Brand_Push,SET-T02,Broad_US_18_34,AD-T102,Video_Trending_Sound_Gear,76.29,6239,68,282.99
2025-11-08 00:00:00,CAMP-TT-01,TikTok_Spark_Influencer_UGC,SET-T01,GenZ_Adventure,AD-T101,UGC_Backpack_Unboxing,90.02,9001,80,304.14
2025-11-08 00:00:00,CAMP-TT-02,TikTok_TopView_Brand_Push,SET-T02,Broad_US_18_34,AD-T102,Video_Trending_Sound_Gear,75.39,5822,76,249.75
2025-11-09 00:00:00,CAMP-TT-01,TikTok_Spark_Influencer_UGC,SET-T01,GenZ_Adventure,AD-T101,UGC_Backpack_Unboxing,103.11,8837,77,368.8
2025-11-09 00:00:00,CAMP-TT-02,TikTok_TopView_Brand_Push,SET-T02,Broad_US_18_34,AD-T102,Video_Trending_Sound_Gear,55.37,4296,63,188.58
2025-11-10 00:00:00,CAMP-TT-01,TikTok_Spark_Influencer_UGC,SET-T01,GenZ_Adventure,AD-T101,UGC_Backpack_Unboxing,59.8,5291,55,176.94
2025-11-10 00:00:00,CAMP-TT-02,TikTok_TopView_Brand_Push,SET-T02,Broad_US_18_34,AD-T102,Video_Trending_Sound_Gear,61.82,4846,61,170.5
2025-11-11 00:00:00,CAMP-TT-01,TikTok_Spark_Influencer_UGC,SET-T01,GenZ_Adventure,AD-T101,UGC_Backpack_Unboxing,54.7,4221,47,174.91
2025-11-11 00:00:00,CAMP-TT-02,TikTok_TopView_Brand_Push,SET-T02,Broad_US_18_34,AD-T102,Video_Trending_Sound_Gear,68.56,5571,60,251.21
2025-11-12 00:00:00,CAMP-TT-01,TikTok_Spark_Influencer_UGC,SET-T01,GenZ_Adventure,AD-T101,UGC_Backpack_Unboxing,38.13,2727,24,96.07
2025-11-12 00:00:00,CAMP-TT-02,TikTok_TopView_Brand_Push,SET-T02,Broad_US_18_34,AD-T102,Video_Trending_Sound_Gear,74.5,7286,95,264.8
2025-11-13 00:00:00,CAMP-TT-01,TikTok_Spark_Influencer_UGC,SET-T01,GenZ_Adventure,AD-T101,UGC_Backpack_Unboxing,72.95,5226,52,249.73
2025-11-13 00:00:00,CAMP-TT-02,TikTok_TopView_Brand_Push,SET-T02,Broad_US_18_34,AD-T102,Video_Trending_Sound_Gear,35.77,3241,45,106.52
2025-11-14 00:00:00,CAMP-TT-01,TikTok_Spark_Influencer_UGC,SET-T01,GenZ_Adventure,AD-T101,UGC_Backpack_Unboxing,59.55,5169,64,224.19
2025-11-14 00:00:00,CAMP-TT-02,TikTok_TopView_Brand_Push,SET-T02,Broad_US_18_34,AD-T102,Video_Trending_Sound_Gear,32.79,2762,38,102.49
2025-11-15 00:00:00,CAMP-TT-01,TikTok_Spark_Influencer_UGC,SET-T01,GenZ_Adventure,AD-T101,UGC_Backpack_Unboxing,44.1,3736,38,119.13
2025-11-15 00:00:00,CAMP-TT-02,TikTok_TopView_Brand_Push,SET-T02,Broad_US_18_34,AD-T102,Video_Trending_Sound_Gear,94.19,8114,117,334.17
2025-11-16 00:00:00,CAMP-TT-01,TikTok_Spark_Influencer_UGC,SET-T01,GenZ_Adventure,AD-T101,UGC_Backpack_Unboxing,84.04,9311,102,231.68
2025-11-16 00:00:00,CAMP-TT-02,TikTok_TopView_Brand_Push,SET-T02,Broad_US_18_34,AD-T102,Video_Trending_Sound_Gear,98.2,9946,99,311.48
2025-11-17 00:00:00,CAMP-TT-01,TikTok_Spark_Influencer_UGC,SET-T01,GenZ_Adventure,AD-T101,UGC_Backpack_Unboxing,43.17,4295,52,112.92
2025-11-17 00:00:00,CAMP-TT-02,TikTok_TopView_Brand_Push,SET-T02,Broad_US_18_34,AD-T102,Video_Trending_Sound_Gear,32.91,3030,39,106.01
2025-11-18 00:00:00,CAMP-TT-01,TikTok_Spark_Influencer_UGC,SET-T01,GenZ_Adventure,AD-T101,UGC_Backpack_Unboxing,51.14,4323,45,190.09
2025-11-18 00:00:00,CAMP-TT-02,TikTok_TopView_Brand_Push,SET-T02,Broad_US_18_34,AD-T102,Video_Trending_Sound_Gear,32.75,2648,37,116.1
2025-11-19 00:00:00,CAMP-TT-01,TikTok_Spark_Influencer_UGC,SET-T01,GenZ_Adventure,AD-T101,UGC_Backpack_Unboxing,39.2,3740,48,102.29
2025-11-19 00:00:00,CAMP-TT-02,TikTok_TopView_Brand_Push,SET-T02,Broad_US_18_34,AD-T102,Video_Trending_Sound_Gear,70.59,5604,73,185.67
2025-11-20 00:00:00,CAMP-TT-01,TikTok_Spark_Influencer_UGC,SET-T01,GenZ_Adventure,AD-T101,UGC_Backpack_Unboxing,65.89,5314,73,168.29
2025-11-20 00:00:00,CAMP-TT-02,TikTok_TopView_Brand_Push,SET-T02,Broad_US_18_34,AD-T102,Video_Trending_Sound_Gear,31.16,2867,25,100.52
2025-11-21 00:00:00,CAMP-TT-01,TikTok_Spark_Influencer_UGC,SET-T01,GenZ_Adventure,AD-T101,UGC_Backpack_Unboxing,75.87,6924,96,189.7
2025-11-21 00:00:00,CAMP-TT-02,TikTok_TopView_Brand_Push,SET-T02,Broad_US_18_34,AD-T102,Video_Trending_Sound_Gear,38.43,4199,43,141.45
2025-11-22 00:00:00,CAMP-TT-01,TikTok_Spark_Influencer_UGC,SET-T01,GenZ_Adventure,AD-T101,UGC_Backpack_Unboxing,45.3,3764,42,168.52
2025-11-22 00:00:00,CAMP-TT-02,TikTok_TopView_Brand_Push,SET-T02,Broad_US_18_34,AD-T102,Video_Trending_Sound_Gear,46.96,4667,38,143.89
2025-11-23 00:00:00,CAMP-TT-01,TikTok_Spark_Influencer_UGC,SET-T01,GenZ_Adventure,AD-T101,UGC_Backpack_Unboxing,57.06,4274,52,188.2
2025-11-23 00:00:00,CAMP-TT-02,TikTok_TopView_Brand_Push,SET-T02,Broad_US_18_34,AD-T102,Video_Trending_Sound_Gear,73.57,7777,86,279.52
2025-11-24 00:00:00,CAMP-TT-01,TikTok_Spark_Influencer_UGC,SET-T01,GenZ_Adventure,AD-T101,UGC_Backpack_Unboxing,71.76,5328,73,189.01
2025-11-24 00:00:00,CAMP-TT-02,TikTok_TopView_Brand_Push,SET-T02,Broad_US_18_34,AD-T102,Video_Trending_Sound_Gear,41.37,4588,46,109.27
2025-11-25 00:00:00,CAMP-TT-01,TikTok_Spark_Influencer_UGC,SET-T01,GenZ_Adventure,AD-T101,UGC_Backpack_Unboxing,53.64,4330,61,186.34
2025-11-25 00:00:00,CAMP-TT-02,TikTok_TopView_Brand_Push,SET-T02,Broad_US_18_34,AD-T102,Video_Trending_Sound_Gear,76.93,8299,67,258.46
2025-11-26 00:00:00,CAMP-TT-01,TikTok_Spark_Influencer_UGC,SET-T01,GenZ_Adventure,AD-T101,UGC_Backpack_Unboxing,44.47,4331,44,126.77
2025-11-26 00:00:00,CAMP-TT-02,TikTok_TopView_Brand_Push,SET-T02,Broad_US_18_34,AD-T102,Video_Trending_Sound_Gear,55.57,4961,57,187.52
2025-11-27 00:00:00,CAMP-TT-01,TikTok_Spark_Influencer_UGC,SET-T01,GenZ_Adventure,AD-T101,UGC_Backpack_Unboxing,49.36,4812,44,145.83
2025-11-27 00:00:00,CAMP-TT-02,TikTok_TopView_Brand_Push,SET-T02,Broad_US_18_34,AD-T102,Video_Trending_Sound_Gear,67.09,5248,66,188.14
2025-11-28 00:00:00,CAMP-TT-01,TikTok_Spark_Influencer_UGC,SET-T01,GenZ_Adventure,AD-T101,UGC_Backpack_Unboxing,59.4,5011,57,190.97
2025-11-28 00:00:00,CAMP-TT-02,TikTok_TopView_Brand_Push,SET-T02,Broad_US_18_34,AD-T102,Video_Trending_Sound_Gear,54.59,4615,60,144.25
2025-11-29 00:00:00,CAMP-TT-01,TikTok_Spark_Influencer_UGC,SET-T01,GenZ_Adventure,AD-T101,UGC_Backpack_Unboxing,87.73,9063,76,330.65
2025-11-29 00:00:00,CAMP-TT-02,TikTok_TopView_Brand_Push,SET-T02,Broad_US_18_34,AD-T102,Video_Trending_Sound_Gear,101.2,10879,120,277.5
2025-11-30 00:00:00,CAMP-TT-01,TikTok_Spark_Influencer_UGC,SET-T01,GenZ_Adventure,AD-T101,UGC_Backpack_Unboxing,70.55,5364,78,234.55
2025-11-30 00:00:00,CAMP-TT-02,TikTok_TopView_Brand_Push,SET-T02,Broad_US_18_34,AD-T102,Video_Trending_Sound_Gear,62.0,5159,52,228.33
2025-12-01 00:00:00,CAMP-TT-01,TikTok_Spark_Influencer_UGC,SET-T01,GenZ_Adventure,AD-T101,UGC_Backpack_Unboxing,73.52,6235,64,211.84
2025-12-01 00:00:00,CAMP-TT-02,TikTok_TopView_Brand_Push,SET-T02,Broad_US_18_34,AD-T102,Video_Trending_Sound_Gear,31.67,2421,27,92.56
2025-12-02 00:00:00,CAMP-TT-01,TikTok_Spark_Influencer_UGC,SET-T01,GenZ_Adventure,AD-T101,UGC_Backpack_Unboxing,53.56,4090,36,193.62
2025-12-02 00:00:00,CAMP-TT-02,TikTok_TopView_Brand_Push,SET-T02,Broad_US_18_34,AD-T102,Video_Trending_Sound_Gear,74.88,5452,58,208.34
2025-12-03 00:00:00,CAMP-TT-01,TikTok_Spark_Influencer_UGC,SET-T01,GenZ_Adventure,AD-T101,UGC_Backpack_Unboxing,48.68,4564,42,160.13
2025-12-03 00:00:00,CAMP-TT-02,TikTok_TopView_Brand_Push,SET-T02,Broad_US_18_34,AD-T102,Video_Trending_Sound_Gear,53.83,4038,33,179.63
2025-12-04 00:00:00,CAMP-TT-01,TikTok_Spark_Influencer_UGC,SET-T01,GenZ_Adventure,AD-T101,UGC_Backpack_Unboxing,68.15,5325,75,234.96
2025-12-04 00:00:00,CAMP-TT-02,TikTok_TopView_Brand_Push,SET-T02,Broad_US_18_34,AD-T102,Video_Trending_Sound_Gear,76.39,7163,82,192.37
2025-12-05 00:00:00,CAMP-TT-01,TikTok_Spark_Influencer_UGC,SET-T01,GenZ_Adventure,AD-T101,UGC_Backpack_Unboxing,30.35,2975,25,86.14
2025-12-05 00:00:00,CAMP-TT-02,TikTok_TopView_Brand_Push,SET-T02,Broad_US_18_34,AD-T102,Video_Trending_Sound_Gear,38.85,4249,61,97.54
2025-12-06 00:00:00,CAMP-TT-01,TikTok_Spark_Influencer_UGC,SET-T01,GenZ_Adventure,AD-T101,UGC_Backpack_Unboxing,86.85,8897,127,317.93
2025-12-06 00:00:00,CAMP-TT-02,TikTok_TopView_Brand_Push,SET-T02,Broad_US_18_34,AD-T102,Video_Trending_Sound_Gear,81.5,6593,52,308.1
2025-12-07 00:00:00,CAMP-TT-01,TikTok_Spark_Influencer_UGC,SET-T01,GenZ_Adventure,AD-T101,UGC_Backpack_Unboxing,96.06,7128,89,283.21
2025-12-07 00:00:00,CAMP-TT-02,TikTok_TopView_Brand_Push,SET-T02,Broad_US_18_34,AD-T102,Video_Trending_Sound_Gear,97.09,9284,110,255.31
2025-12-08 00:00:00,CAMP-TT-01,TikTok_Spark_Influencer_UGC,SET-T01,GenZ_Adventure,AD-T101,UGC_Backpack_Unboxing,76.1,7842,75,245.47
2025-12-08 00:00:00,CAMP-TT-02,TikTok_TopView_Brand_Push,SET-T02,Broad_US_18_34,AD-T102,Video_Trending_Sound_Gear,68.2,5637,54,170.58
2025-12-09 00:00:00,CAMP-TT-01,TikTok_Spark_Influencer_UGC,SET-T01,GenZ_Adventure,AD-T101,UGC_Backpack_Unboxing,67.86,4872,66,210.25
2025-12-09 00:00:00,CAMP-TT-02,TikTok_TopView_Brand_Push,SET-T02,Broad_US_18_34,AD-T102,Video_Trending_Sound_Gear,75.19,6804,79,234.61
2025-12-10 00:00:00,CAMP-TT-01,TikTok_Spark_Influencer_UGC,SET-T01,GenZ_Adventure,AD-T101,UGC_Backpack_Unboxing,52.38,4068,47,152.52
2025-12-10 00:00:00,CAMP-TT-02,TikTok_TopView_Brand_Push,SET-T02,Broad_US_18_34,AD-T102,Video_Trending_Sound_Gear,42.91,4669,56,120.1
2025-12-11 00:00:00,CAMP-TT-01,TikTok_Spark_Influencer_UGC,SET-T01,GenZ_Adventure,AD-T101,UGC_Backpack_Unboxing,37.41,3049,38,130.1
2025-12-11 00:00:00,CAMP-TT-02,TikTok_TopView_Brand_Push,SET-T02,Broad_US_18_34,AD-T102,Video_Trending_Sound_Gear,55.18,4096,59,195.87
2025-12-12 00:00:00,CAMP-TT-01,TikTok_Spark_Influencer_UGC,SET-T01,GenZ_Adventure,AD-T101,UGC_Backpack_Unboxing,61.78,5873,87,176.47
2025-12-12 00:00:00,CAMP-TT-02,TikTok_TopView_Brand_Push,SET-T02,Broad_US_18_34,AD-T102,Video_Trending_Sound_Gear,40.13,3579,30,151.37
2025-12-13 00:00:00,CAMP-TT-01,TikTok_Spark_Influencer_UGC,SET-T01,GenZ_Adventure,AD-T101,UGC_Backpack_Unboxing,77.25,6555,82,243.04
2025-12-13 00:00:00,CAMP-TT-02,TikTok_TopView_Brand_Push,SET-T02,Broad_US_18_34,AD-T102,Video_Trending_Sound_Gear,41.08,3405,44,124.96
2025-12-14 00:00:00,CAMP-TT-01,TikTok_Spark_Influencer_UGC,SET-T01,GenZ_Adventure,AD-T101,UGC_Backpack_Unboxing,88.22,8704,83,239.06
2025-12-14 00:00:00,CAMP-TT-02,TikTok_TopView_Brand_Push,SET-T02,Broad_US_18_34,AD-T102,Video_Trending_Sound_Gear,63.18,4773,65,189.39
2025-12-15 00:00:00,CAMP-TT-01,TikTok_Spark_Influencer_UGC,SET-T01,GenZ_Adventure,AD-T101,UGC_Backpack_Unboxing,59.46,4717,45,161.65
2025-12-15 00:00:00,CAMP-TT-02,TikTok_TopView_Brand_Push,SET-T02,Broad_US_18_34,AD-T102,Video_Trending_Sound_Gear,78.6,6502,96,231.01
2025-12-16 00:00:00,CAMP-TT-01,TikTok_Spark_Influencer_UGC,SET-T01,GenZ_Adventure,AD-T101,UGC_Backpack_Unboxing,65.15,6442,63,206.23
2025-12-16 00:00:00,CAMP-TT-02,TikTok_TopView_Brand_Push,SET-T02,Broad_US_18_34,AD-T102,Video_Trending_Sound_Gear,45.98,4673,45,117.09
2025-12-17 00:00:00,CAMP-TT-01,TikTok_Spark_Influencer_UGC,SET-T01,GenZ_Adventure,AD-T101,UGC_Backpack_Unboxing,65.22,5690,49,177.61
2025-12-17 00:00:00,CAMP-TT-02,TikTok_TopView_Brand_Push,SET-T02,Broad_US_18_34,AD-T102,Video_Trending_Sound_Gear,35.13,2912,25,122.27
2025-12-18 00:00:00,CAMP-TT-01,TikTok_Spark_Influencer_UGC,SET-T01,GenZ_Adventure,AD-T101,UGC_Backpack_Unboxing,31.03,3028,43,106.56
2025-12-18 00:00:00,CAMP-TT-02,TikTok_TopView_Brand_Push,SET-T02,Broad_US_18_34,AD-T102,Video_Trending_Sound_Gear,33.65,2567,29,121.17
2025-12-19 00:00:00,CAMP-TT-01,TikTok_Spark_Influencer_UGC,SET-T01,GenZ_Adventure,AD-T101,UGC_Backpack_Unboxing,60.04,4838,72,168.23
2025-12-19 00:00:00,CAMP-TT-02,TikTok_TopView_Brand_Push,SET-T02,Broad_US_18_34,AD-T102,Video_Trending_Sound_Gear,61.2,5415,44,154.15
2025-12-20 00:00:00,CAMP-TT-01,TikTok_Spark_Influencer_UGC,SET-T01,GenZ_Adventure,AD-T101,UGC_Backpack_Unboxing,46.75,3817,45,150.51
2025-12-20 00:00:00,CAMP-TT-02,TikTok_TopView_Brand_Push,SET-T02,Broad_US_18_34,AD-T102,Video_Trending_Sound_Gear,41.07,3619,52,123.9
2025-12-21 00:00:00,CAMP-TT-01,TikTok_Spark_Influencer_UGC,SET-T01,GenZ_Adventure,AD-T101,UGC_Backpack_Unboxing,79.62,6172,83,252.8
2025-12-21 00:00:00,CAMP-TT-02,TikTok_TopView_Brand_Push,SET-T02,Broad_US_18_34,AD-T102,Video_Trending_Sound_Gear,94.77,8649,122,266.52
2025-12-22 00:00:00,CAMP-TT-01,TikTok_Spark_Influencer_UGC,SET-T01,GenZ_Adventure,AD-T101,UGC_Backpack_Unboxing,44.01,4749,64,133.89
2025-12-22 00:00:00,CAMP-TT-02,TikTok_TopView_Brand_Push,SET-T02,Broad_US_18_34,AD-T102,Video_Trending_Sound_Gear,41.46,4081,58,148.6
2025-12-23 00:00:00,CAMP-TT-01,TikTok_Spark_Influencer_UGC,SET-T01,GenZ_Adventure,AD-T101,UGC_Backpack_Unboxing,57.68,4774,54,173.57
2025-12-23 00:00:00,CAMP-TT-02,TikTok_TopView_Brand_Push,SET-T02,Broad_US_18_34,AD-T102,Video_Trending_Sound_Gear,75.77,7869,86,223.36
2025-12-24 00:00:00,CAMP-TT-01,TikTok_Spark_Influencer_UGC,SET-T01,GenZ_Adventure,AD-T101,UGC_Backpack_Unboxing,54.91,4864,56,147.26
2025-12-24 00:00:00,CAMP-TT-02,TikTok_TopView_Brand_Push,SET-T02,Broad_US_18_34,AD-T102,Video_Trending_Sound_Gear,55.66,5450,50,143.84
2025-12-25 00:00:00,CAMP-TT-01,TikTok_Spark_Influencer_UGC,SET-T01,GenZ_Adventure,AD-T101,UGC_Backpack_Unboxing,68.13,6117,75,234.77
2025-12-25 00:00:00,CAMP-TT-02,TikTok_TopView_Brand_Push,SET-T02,Broad_US_18_34,AD-T102,Video_Trending_Sound_Gear,63.97,5634,60,191.19
2025-12-26 00:00:00,CAMP-TT-01,TikTok_Spark_Influencer_UGC,SET-T01,GenZ_Adventure,AD-T101,UGC_Backpack_Unboxing,62.0,5403,75,225.5
2025-12-26 00:00:00,CAMP-TT-02,TikTok_TopView_Brand_Push,SET-T02,Broad_US_18_34,AD-T102,Video_Trending_Sound_Gear,38.53,3979,49,111.41
2025-12-27 00:00:00,CAMP-TT-01,TikTok_Spark_Influencer_UGC,SET-T01,GenZ_Adventure,AD-T101,UGC_Backpack_Unboxing,40.21,2991,28,149.1
2025-12-27 00:00:00,CAMP-TT-02,TikTok_TopView_Brand_Push,SET-T02,Broad_US_18_34,AD-T102,Video_Trending_Sound_Gear,85.63,6682,62,240.15
2025-12-28 00:00:00,CAMP-TT-01,TikTok_Spark_Influencer_UGC,SET-T01,GenZ_Adventure,AD-T101,UGC_Backpack_Unboxing,72.88,7391,74,212.66
2025-12-28 00:00:00,CAMP-TT-02,TikTok_TopView_Brand_Push,SET-T02,Broad_US_18_34,AD-T102,Video_Trending_Sound_Gear,49.38,4925,66,134.18
2025-12-29 00:00:00,CAMP-TT-01,TikTok_Spark_Influencer_UGC,SET-T01,GenZ_Adventure,AD-T101,UGC_Backpack_Unboxing,31.42,2586,38,92.08
2025-12-29 00:00:00,CAMP-TT-02,TikTok_TopView_Brand_Push,SET-T02,Broad_US_18_34,AD-T102,Video_Trending_Sound_Gear,35.93,3031,43,126.45
2025-12-30 00:00:00,CAMP-TT-01,TikTok_Spark_Influencer_UGC,SET-T01,GenZ_Adventure,AD-T101,UGC_Backpack_Unboxing,61.13,5780,68,160.08
2025-12-30 00:00:00,CAMP-TT-02,TikTok_TopView_Brand_Push,SET-T02,Broad_US_18_34,AD-T102,Video_Trending_Sound_Gear,63.95,5065,74,181.52
2025-12-31 00:00:00,CAMP-TT-01,TikTok_Spark_Influencer_UGC,SET-T01,GenZ_Adventure,AD-T101,UGC_Backpack_Unboxing,30.92,2636,34,109.07
2025-12-31 00:00:00,CAMP-TT-02,TikTok_TopView_Brand_Push,SET-T02,Broad_US_18_34,AD-T102,Video_Trending_Sound_Gear,39.69,3850,44,116.28
2026-01-01 00:00:00,CAMP-TT-01,TikTok_Spark_Influencer_UGC,SET-T01,GenZ_Adventure,AD-T101,UGC_Backpack_Unboxing,644.2,56663,770,777.18
2026-01-01 00:00:00,CAMP-TT-02,TikTok_TopView_Brand_Push,SET-T02,Broad_US_18_34,AD-T102,Video_Trending_Sound_Gear,609.24,57133,789,604.49
2026-01-02 00:00:00,CAMP-TT-01,TikTok_Spark_Influencer_UGC,SET-T01,GenZ_Adventure,AD-T101,UGC_Backpack_Unboxing,518.44,51483,583,530.22
2026-01-02 00:00:00,CAMP-TT-02,TikTok_TopView_Brand_Push,SET-T02,Broad_US_18_34,AD-T102,Video_Trending_Sound_Gear,406.68,29395,268,549.48
2026-01-03 00:00:00,CAMP-TT-01,TikTok_Spark_Influencer_UGC,SET-T01,GenZ_Adventure,AD-T101,UGC_Backpack_Unboxing,901.77,99100,1277,881.06
2026-01-03 00:00:00,CAMP-TT-02,TikTok_TopView_Brand_Push,SET-T02,Broad_US_18_34,AD-T102,Video_Trending_Sound_Gear,411.05,37319,542,332.23
2026-01-04 00:00:00,CAMP-TT-01,TikTok_Spark_Influencer_UGC,SET-T01,GenZ_Adventure,AD-T101,UGC_Backpack_Unboxing,695.7,60458,853,597.47
2026-01-04 00:00:00,CAMP-TT-02,TikTok_TopView_Brand_Push,SET-T02,Broad_US_18_34,AD-T102,Video_Trending_Sound_Gear,744.39,60028,761,1086.54
2026-01-05 00:00:00,CAMP-TT-01,TikTok_Spark_Influencer_UGC,SET-T01,GenZ_Adventure,AD-T101,UGC_Backpack_Unboxing,629.24,68322,771,678.68
2026-01-05 00:00:00,CAMP-TT-02,TikTok_TopView_Brand_Push,SET-T02,Broad_US_18_34,AD-T102,Video_Trending_Sound_Gear,424.06,37671,402,467.58
2026-01-06 00:00:00,CAMP-TT-01,TikTok_Spark_Influencer_UGC,SET-T01,GenZ_Adventure,AD-T101,UGC_Backpack_Unboxing,691.7,73248,1058,785.89
2026-01-06 00:00:00,CAMP-TT-02,TikTok_TopView_Brand_Push,SET-T02,Broad_US_18_34,AD-T102,Video_Trending_Sound_Gear,549.5,41784,439,605.16
2026-01-07 00:00:00,CAMP-TT-01,TikTok_Spark_Influencer_UGC,SET-T01,GenZ_Adventure,AD-T101,UGC_Backpack_Unboxing,463.81,42654,617,640.17
2026-01-07 00:00:00,CAMP-TT-02,TikTok_TopView_Brand_Push,SET-T02,Broad_US_18_34,AD-T102,Video_Trending_Sound_Gear,343.6,36014,395,298.61
2026-01-08 00:00:00,CAMP-TT-01,TikTok_Spark_Influencer_UGC,SET-T01,GenZ_Adventure,AD-T101,UGC_Backpack_Unboxing,547.64,56350,656,440.88
2026-01-08 00:00:00,CAMP-TT-02,TikTok_TopView_Brand_Push,SET-T02,Broad_US_18_34,AD-T102,Video_Trending_Sound_Gear,426.64,34445,392,633.47
2026-01-09 00:00:00,CAMP-TT-01,TikTok_Spark_Influencer_UGC,SET-T01,GenZ_Adventure,AD-T101,UGC_Backpack_Unboxing,649.64,60177,500,904.26
2026-01-09 00:00:00,CAMP-TT-02,TikTok_TopView_Brand_Push,SET-T02,Broad_US_18_34,AD-T102,Video_Trending_Sound_Gear,664.49,50712,451,995.77
2026-01-10 00:00:00,CAMP-TT-01,TikTok_Spark_Influencer_UGC,SET-T01,GenZ_Adventure,AD-T101,UGC_Backpack_Unboxing,524.46,41554,596,506.09
2026-01-10 00:00:00,CAMP-TT-02,TikTok_TopView_Brand_Push,SET-T02,Broad_US_18_34,AD-T102,Video_Trending_Sound_Gear,862.29,81753,1212,859.6
2026-01-11 00:00:00,CAMP-TT-01,TikTok_Spark_Influencer_UGC,SET-T01,GenZ_Adventure,AD-T101,UGC_Backpack_Unboxing,885.79,95577,1239,1038.57
2026-01-11 00:00:00,CAMP-TT-02,TikTok_TopView_Brand_Push,SET-T02,Broad_US_18_34,AD-T102,Video_Trending_Sound_Gear,638.5,63108,816,596.08
2026-01-12 00:00:00,CAMP-TT-01,TikTok_Spark_Influencer_UGC,SET-T01,GenZ_Adventure,AD-T101,UGC_Backpack_Unboxing,521.14,50762,745,427.36
2026-01-12 00:00:00,CAMP-TT-02,TikTok_TopView_Brand_Push,SET-T02,Broad_US_18_34,AD-T102,Video_Trending_Sound_Gear,379.89,37201,405,365.8
2026-01-13 00:00:00,CAMP-TT-01,TikTok_Spark_Influencer_UGC,SET-T01,GenZ_Adventure,AD-T101,UGC_Backpack_Unboxing,496.54,37159,482,598.81
2026-01-13 00:00:00,CAMP-TT-02,TikTok_TopView_Brand_Push,SET-T02,Broad_US_18_34,AD-T102,Video_Trending_Sound_Gear,335.6,26912,246,453.21
2026-01-14 00:00:00,CAMP-TT-01,TikTok_Spark_Influencer_UGC,SET-T01,GenZ_Adventure,AD-T101,UGC_Backpack_Unboxing,400.02,36085,377,560.5
2026-01-14 00:00:00,CAMP-TT-02,TikTok_TopView_Brand_Push,SET-T02,Broad_US_18_34,AD-T102,Video_Trending_Sound_Gear,350.62,29642,266,453.48
2026-01-15 00:00:00,CAMP-TT-01,TikTok_Spark_Influencer_UGC,SET-T01,GenZ_Adventure,AD-T101,UGC_Backpack_Unboxing,662.03,59252,676,959.41
2026-01-15 00:00:00,CAMP-TT-02,TikTok_TopView_Brand_Push,SET-T02,Broad_US_18_34,AD-T102,Video_Trending_Sound_Gear,508.4,44448,535,652.0
2026-01-16 00:00:00,CAMP-TT-01,TikTok_Spark_Influencer_UGC,SET-T01,GenZ_Adventure,AD-T101,UGC_Backpack_Unboxing,342.75,26153,288,291.56
2026-01-16 00:00:00,CAMP-TT-02,TikTok_TopView_Brand_Push,SET-T02,Broad_US_18_34,AD-T102,Video_Trending_Sound_Gear,614.47,56452,491,764.18
2026-01-17 00:00:00,CAMP-TT-01,TikTok_Spark_Influencer_UGC,SET-T01,GenZ_Adventure,AD-T101,UGC_Backpack_Unboxing,847.67,63076,927,1193.01
2026-01-17 00:00:00,CAMP-TT-02,TikTok_TopView_Brand_Push,SET-T02,Broad_US_18_34,AD-T102,Video_Trending_Sound_Gear,391.11,35877,492,413.16
2026-01-18 00:00:00,CAMP-TT-01,TikTok_Spark_Influencer_UGC,SET-T01,GenZ_Adventure,AD-T101,UGC_Backpack_Unboxing,702.81,58413,616,1007.22
2026-01-18 00:00:00,CAMP-TT-02,TikTok_TopView_Brand_Push,SET-T02,Broad_US_18_34,AD-T102,Video_Trending_Sound_Gear,651.68,57548,862,746.47
2026-01-19 00:00:00,CAMP-TT-01,TikTok_Spark_Influencer_UGC,SET-T01,GenZ_Adventure,AD-T101,UGC_Backpack_Unboxing,371.36,32109,439,499.03
2026-01-19 00:00:00,CAMP-TT-02,TikTok_TopView_Brand_Push,SET-T02,Broad_US_18_34,AD-T102,Video_Trending_Sound_Gear,615.43,49076,479,863.73
2026-01-20 00:00:00,CAMP-TT-01,TikTok_Spark_Influencer_UGC,SET-T01,GenZ_Adventure,AD-T101,UGC_Backpack_Unboxing,657.38,65930,587,974.84
2026-01-20 00:00:00,CAMP-TT-02,TikTok_TopView_Brand_Push,SET-T02,Broad_US_18_34,AD-T102,Video_Trending_Sound_Gear,647.33,48070,682,763.32
2026-01-21 00:00:00,CAMP-TT-01,TikTok_Spark_Influencer_UGC,SET-T01,GenZ_Adventure,AD-T101,UGC_Backpack_Unboxing,558.56,47631,398,738.33
2026-01-21 00:00:00,CAMP-TT-02,TikTok_TopView_Brand_Push,SET-T02,Broad_US_18_34,AD-T102,Video_Trending_Sound_Gear,502.13,41028,472,574.57
2026-01-22 00:00:00,CAMP-TT-01,TikTok_Spark_Influencer_UGC,SET-T01,GenZ_Adventure,AD-T101,UGC_Backpack_Unboxing,368.72,35475,323,345.48
2026-01-22 00:00:00,CAMP-TT-02,TikTok_TopView_Brand_Push,SET-T02,Broad_US_18_34,AD-T102,Video_Trending_Sound_Gear,689.19,70573,697,836.27
2026-01-23 00:00:00,CAMP-TT-01,TikTok_Spark_Influencer_UGC,SET-T01,GenZ_Adventure,AD-T101,UGC_Backpack_Unboxing,544.07,55688,754,734.3
2026-01-23 00:00:00,CAMP-TT-02,TikTok_TopView_Brand_Push,SET-T02,Broad_US_18_34,AD-T102,Video_Trending_Sound_Gear,394.93,37816,550,544.2
2026-01-24 00:00:00,CAMP-TT-01,TikTok_Spark_Influencer_UGC,SET-T01,GenZ_Adventure,AD-T101,UGC_Backpack_Unboxing,752.85,79995,874,897.03
2026-01-24 00:00:00,CAMP-TT-02,TikTok_TopView_Brand_Push,SET-T02,Broad_US_18_34,AD-T102,Video_Trending_Sound_Gear,487.45,43363,529,501.67
2026-01-25 00:00:00,CAMP-TT-01,TikTok_Spark_Influencer_UGC,SET-T01,GenZ_Adventure,AD-T101,UGC_Backpack_Unboxing,796.09,60299,618,1104.22
2026-01-25 00:00:00,CAMP-TT-02,TikTok_TopView_Brand_Push,SET-T02,Broad_US_18_34,AD-T102,Video_Trending_Sound_Gear,443.86,33654,305,380.85
2026-01-26 00:00:00,CAMP-TT-01,TikTok_Spark_Influencer_UGC,SET-T01,GenZ_Adventure,AD-T101,UGC_Backpack_Unboxing,556.71,49007,703,586.9
2026-01-26 00:00:00,CAMP-TT-02,TikTok_TopView_Brand_Push,SET-T02,Broad_US_18_34,AD-T102,Video_Trending_Sound_Gear,414.86,36063,403,431.91
2026-01-27 00:00:00,CAMP-TT-01,TikTok_Spark_Influencer_UGC,SET-T01,GenZ_Adventure,AD-T101,UGC_Backpack_Unboxing,577.5,45124,630,855.28
2026-01-27 00:00:00,CAMP-TT-02,TikTok_TopView_Brand_Push,SET-T02,Broad_US_18_34,AD-T102,Video_Trending_Sound_Gear,406.66,32324,347,518.07
2026-01-28 00:00:00,CAMP-TT-01,TikTok_Spark_Influencer_UGC,SET-T01,GenZ_Adventure,AD-T101,UGC_Backpack_Unboxing,490.39,35105,459,719.28
2026-01-28 00:00:00,CAMP-TT-02,TikTok_TopView_Brand_Push,SET-T02,Broad_US_18_34,AD-T102,Video_Trending_Sound_Gear,633.99,46911,642,710.96
2026-01-29 00:00:00,CAMP-TT-01,TikTok_Spark_Influencer_UGC,SET-T01,GenZ_Adventure,AD-T101,UGC_Backpack_Unboxing,400.72,36927,300,467.56
2026-01-29 00:00:00,CAMP-TT-02,TikTok_TopView_Brand_Push,SET-T02,Broad_US_18_34,AD-T102,Video_Trending_Sound_Gear,502.02,43179,639,721.91
2026-01-30 00:00:00,CAMP-TT-01,TikTok_Spark_Influencer_UGC,SET-T01,GenZ_Adventure,AD-T101,UGC_Backpack_Unboxing,364.69,33629,368,383.79
2026-01-30 00:00:00,CAMP-TT-02,TikTok_TopView_Brand_Push,SET-T02,Broad_US_18_34,AD-T102,Video_Trending_Sound_Gear,619.4,53303,639,865.37
2026-01-31 00:00:00,CAMP-TT-01,TikTok_Spark_Influencer_UGC,SET-T01,GenZ_Adventure,AD-T101,UGC_Backpack_Unboxing,809.08,83746,1088,893.88
2026-01-31 00:00:00,CAMP-TT-02,TikTok_TopView_Brand_Push,SET-T02,Broad_US_18_34,AD-T102,Video_Trending_Sound_Gear,543.22,58725,670,569.73
2026-02-01 00:00:00,CAMP-TT-01,TikTok_Spark_Influencer_UGC,SET-T01,GenZ_Adventure,AD-T101,UGC_Backpack_Unboxing,520.79,41752,558,505.87
2026-02-01 00:00:00,CAMP-TT-02,TikTok_TopView_Brand_Push,SET-T02,Broad_US_18_34,AD-T102,Video_Trending_Sound_Gear,415.71,31389,253,605.26
2026-02-02 00:00:00,CAMP-TT-01,TikTok_Spark_Influencer_UGC,SET-T01,GenZ_Adventure,AD-T101,UGC_Backpack_Unboxing,551.05,51940,505,444.31
2026-02-02 00:00:00,CAMP-TT-02,TikTok_TopView_Brand_Push,SET-T02,Broad_US_18_34,AD-T102,Video_Trending_Sound_Gear,394.19,40685,499,361.31
2026-02-03 00:00:00,CAMP-TT-01,TikTok_Spark_Influencer_UGC,SET-T01,GenZ_Adventure,AD-T101,UGC_Backpack_Unboxing,511.45,42797,431,421.71
2026-02-03 00:00:00,CAMP-TT-02,TikTok_TopView_Brand_Push,SET-T02,Broad_US_18_34,AD-T102,Video_Trending_Sound_Gear,314.9,34484,454,322.02
2026-02-04 00:00:00,CAMP-TT-01,TikTok_Spark_Influencer_UGC,SET-T01,GenZ_Adventure,AD-T101,UGC_Backpack_Unboxing,618.52,55429,619,716.88
2026-02-04 00:00:00,CAMP-TT-02,TikTok_TopView_Brand_Push,SET-T02,Broad_US_18_34,AD-T102,Video_Trending_Sound_Gear,585.21,56446,499,695.96
2026-02-05 00:00:00,CAMP-TT-01,TikTok_Spark_Influencer_UGC,SET-T01,GenZ_Adventure,AD-T101,UGC_Backpack_Unboxing,430.79,38420,481,493.64
2026-02-05 00:00:00,CAMP-TT-02,TikTok_TopView_Brand_Push,SET-T02,Broad_US_18_34,AD-T102,Video_Trending_Sound_Gear,548.11,46763,616,709.34
2026-02-06 00:00:00,CAMP-TT-01,TikTok_Spark_Influencer_UGC,SET-T01,GenZ_Adventure,AD-T101,UGC_Backpack_Unboxing,513.68,41444,584,566.38
2026-02-06 00:00:00,CAMP-TT-02,TikTok_TopView_Brand_Push,SET-T02,Broad_US_18_34,AD-T102,Video_Trending_Sound_Gear,465.11,36276,438,395.21
2026-02-07 00:00:00,CAMP-TT-01,TikTok_Spark_Influencer_UGC,SET-T01,GenZ_Adventure,AD-T101,UGC_Backpack_Unboxing,853.9,93282,1234,1136.67
2026-02-07 00:00:00,CAMP-TT-02,TikTok_TopView_Brand_Push,SET-T02,Broad_US_18_34,AD-T102,Video_Trending_Sound_Gear,885.62,95529,1163,973.73
2026-02-08 00:00:00,CAMP-TT-01,TikTok_Spark_Influencer_UGC,SET-T01,GenZ_Adventure,AD-T101,UGC_Backpack_Unboxing,561.93,59453,709,637.98
2026-02-08 00:00:00,CAMP-TT-02,TikTok_TopView_Brand_Push,SET-T02,Broad_US_18_34,AD-T102,Video_Trending_Sound_Gear,444.37,36839,485,594.16
2026-02-09 00:00:00,CAMP-TT-01,TikTok_Spark_Influencer_UGC,SET-T01,GenZ_Adventure,AD-T101,UGC_Backpack_Unboxing,662.15,59937,879,930.85
2026-02-09 00:00:00,CAMP-TT-02,TikTok_TopView_Brand_Push,SET-T02,Broad_US_18_34,AD-T102,Video_Trending_Sound_Gear,418.6,42729,472,452.64
2026-02-10 00:00:00,CAMP-TT-01,TikTok_Spark_Influencer_UGC,SET-T01,GenZ_Adventure,AD-T101,UGC_Backpack_Unboxing,530.29,44498,589,613.5
2026-02-10 00:00:00,CAMP-TT-02,TikTok_TopView_Brand_Push,SET-T02,Broad_US_18_34,AD-T102,Video_Trending_Sound_Gear,341.93,25725,261,506.03
2026-02-11 00:00:00,CAMP-TT-01,TikTok_Spark_Influencer_UGC,SET-T01,GenZ_Adventure,AD-T101,UGC_Backpack_Unboxing,347.14,25171,217,333.85
2026-02-11 00:00:00,CAMP-TT-02,TikTok_TopView_Brand_Push,SET-T02,Broad_US_18_34,AD-T102,Video_Trending_Sound_Gear,318.63,25438,354,351.72
2026-02-12 00:00:00,CAMP-TT-01,TikTok_Spark_Influencer_UGC,SET-T01,GenZ_Adventure,AD-T101,UGC_Backpack_Unboxing,671.41,56177,697,934.46
2026-02-12 00:00:00,CAMP-TT-02,TikTok_TopView_Brand_Push,SET-T02,Broad_US_18_34,AD-T102,Video_Trending_Sound_Gear,418.72,38873,557,599.05
2026-02-13 00:00:00,CAMP-TT-01,TikTok_Spark_Influencer_UGC,SET-T01,GenZ_Adventure,AD-T101,UGC_Backpack_Unboxing,690.59,51120,454,950.67
2026-02-13 00:00:00,CAMP-TT-02,TikTok_TopView_Brand_Push,SET-T02,Broad_US_18_34,AD-T102,Video_Trending_Sound_Gear,463.94,33247,375,551.01
2026-02-14 00:00:00,CAMP-TT-01,TikTok_Spark_Influencer_UGC,SET-T01,GenZ_Adventure,AD-T101,UGC_Backpack_Unboxing,665.48,62729,534,949.61
2026-02-14 00:00:00,CAMP-TT-02,TikTok_TopView_Brand_Push,SET-T02,Broad_US_18_34,AD-T102,Video_Trending_Sound_Gear,807.39,83256,1118,999.62
2026-02-15 00:00:00,CAMP-TT-01,TikTok_Spark_Influencer_UGC,SET-T01,GenZ_Adventure,AD-T101,UGC_Backpack_Unboxing,602.75,58689,822,777.63
2026-02-15 00:00:00,CAMP-TT-02,TikTok_TopView_Brand_Push,SET-T02,Broad_US_18_34,AD-T102,Video_Trending_Sound_Gear,674.82,56011,483,763.72
2026-02-16 00:00:00,CAMP-TT-01,TikTok_Spark_Influencer_UGC,SET-T01,GenZ_Adventure,AD-T101,UGC_Backpack_Unboxing,377.48,37590,474,542.77
2026-02-16 00:00:00,CAMP-TT-02,TikTok_TopView_Brand_Push,SET-T02,Broad_US_18_34,AD-T102,Video_Trending_Sound_Gear,461.5,45971,576,650.64
2026-02-17 00:00:00,CAMP-TT-01,TikTok_Spark_Influencer_UGC,SET-T01,GenZ_Adventure,AD-T101,UGC_Backpack_Unboxing,599.33,44914,528,794.9
2026-02-17 00:00:00,CAMP-TT-02,TikTok_TopView_Brand_Push,SET-T02,Broad_US_18_34,AD-T102,Video_Trending_Sound_Gear,356.03,33145,355,412.25
2026-02-18 00:00:00,CAMP-TT-01,TikTok_Spark_Influencer_UGC,SET-T01,GenZ_Adventure,AD-T101,UGC_Backpack_Unboxing,671.63,50228,449,618.54
2026-02-18 00:00:00,CAMP-TT-02,TikTok_TopView_Brand_Push,SET-T02,Broad_US_18_34,AD-T102,Video_Trending_Sound_Gear,443.06,42383,521,634.44
2026-02-19 00:00:00,CAMP-TT-01,TikTok_Spark_Influencer_UGC,SET-T01,GenZ_Adventure,AD-T101,UGC_Backpack_Unboxing,684.92,55829,774,799.74
2026-02-19 00:00:00,CAMP-TT-02,TikTok_TopView_Brand_Push,SET-T02,Broad_US_18_34,AD-T102,Video_Trending_Sound_Gear,383.33,32979,391,505.89
2026-02-20 00:00:00,CAMP-TT-01,TikTok_Spark_Influencer_UGC,SET-T01,GenZ_Adventure,AD-T101,UGC_Backpack_Unboxing,387.95,35783,377,570.91
2026-02-20 00:00:00,CAMP-TT-02,TikTok_TopView_Brand_Push,SET-T02,Broad_US_18_34,AD-T102,Video_Trending_Sound_Gear,477.58,37382,495,470.84
2026-02-21 00:00:00,CAMP-TT-01,TikTok_Spark_Influencer_UGC,SET-T01,GenZ_Adventure,AD-T101,UGC_Backpack_Unboxing,687.37,51023,577,1004.65
2026-02-21 00:00:00,CAMP-TT-02,TikTok_TopView_Brand_Push,SET-T02,Broad_US_18_34,AD-T102,Video_Trending_Sound_Gear,501.52,53519,762,698.81
2026-02-22 00:00:00,CAMP-TT-01,TikTok_Spark_Influencer_UGC,SET-T01,GenZ_Adventure,AD-T101,UGC_Backpack_Unboxing,906.15,73094,1064,1249.46
2026-02-22 00:00:00,CAMP-TT-02,TikTok_TopView_Brand_Push,SET-T02,Broad_US_18_34,AD-T102,Video_Trending_Sound_Gear,829.1,69991,747,1205.67
2026-02-23 00:00:00,CAMP-TT-01,TikTok_Spark_Influencer_UGC,SET-T01,GenZ_Adventure,AD-T101,UGC_Backpack_Unboxing,472.85,40434,449,565.23
2026-02-23 00:00:00,CAMP-TT-02,TikTok_TopView_Brand_Push,SET-T02,Broad_US_18_34,AD-T102,Video_Trending_Sound_Gear,488.2,52836,748,542.43
2026-02-24 00:00:00,CAMP-TT-01,TikTok_Spark_Influencer_UGC,SET-T01,GenZ_Adventure,AD-T101,UGC_Backpack_Unboxing,535.58,55237,443,520.42
2026-02-24 00:00:00,CAMP-TT-02,TikTok_TopView_Brand_Push,SET-T02,Broad_US_18_34,AD-T102,Video_Trending_Sound_Gear,581.83,61271,879,553.04
2026-02-25 00:00:00,CAMP-TT-01,TikTok_Spark_Influencer_UGC,SET-T01,GenZ_Adventure,AD-T101,UGC_Backpack_Unboxing,381.84,38540,312,511.77
2026-02-25 00:00:00,CAMP-TT-02,TikTok_TopView_Brand_Push,SET-T02,Broad_US_18_34,AD-T102,Video_Trending_Sound_Gear,650.01,53849,501,649.81
2026-02-26 00:00:00,CAMP-TT-01,TikTok_Spark_Influencer_UGC,SET-T01,GenZ_Adventure,AD-T101,UGC_Backpack_Unboxing,490.37,35607,346,643.44
2026-02-26 00:00:00,CAMP-TT-02,TikTok_TopView_Brand_Push,SET-T02,Broad_US_18_34,AD-T102,Video_Trending_Sound_Gear,475.78,45358,507,404.34
2026-02-27 00:00:00,CAMP-TT-01,TikTok_Spark_Influencer_UGC,SET-T01,GenZ_Adventure,AD-T101,UGC_Backpack_Unboxing,619.47,60634,792,525.21
2026-02-27 00:00:00,CAMP-TT-02,TikTok_TopView_Brand_Push,SET-T02,Broad_US_18_34,AD-T102,Video_Trending_Sound_Gear,682.04,68443,970,932.1
2026-02-28 00:00:00,CAMP-TT-01,TikTok_Spark_Influencer_UGC,SET-T01,GenZ_Adventure,AD-T101,UGC_Backpack_Unboxing,893.29,78431,1026,946.44
2026-02-28 00:00:00,CAMP-TT-02,TikTok_TopView_Brand_Push,SET-T02,Broad_US_18_34,AD-T102,Video_Trending_Sound_Gear,485.87,43321,396,722.7
2026-03-01 00:00:00,CAMP-TT-01,TikTok_Spark_Influencer_UGC,SET-T01,GenZ_Adventure,AD-T101,UGC_Backpack_Unboxing,440.05,36836,456,517.79
2026-03-01 00:00:00,CAMP-TT-02,TikTok_TopView_Brand_Push,SET-T02,Broad_US_18_34,AD-T102,Video_Trending_Sound_Gear,734.34,76646,910,735.11
2026-03-02 00:00:00,CAMP-TT-01,TikTok_Spark_Influencer_UGC,SET-T01,GenZ_Adventure,AD-T101,UGC_Backpack_Unboxing,676.07,52775,781,558.63
2026-03-02 00:00:00,CAMP-TT-02,TikTok_TopView_Brand_Push,SET-T02,Broad_US_18_34,AD-T102,Video_Trending_Sound_Gear,414.05,41499,335,401.47
2026-03-03 00:00:00,CAMP-TT-01,TikTok_Spark_Influencer_UGC,SET-T01,GenZ_Adventure,AD-T101,UGC_Backpack_Unboxing,571.51,56276,650,812.39
2026-03-03 00:00:00,CAMP-TT-02,TikTok_TopView_Brand_Push,SET-T02,Broad_US_18_34,AD-T102,Video_Trending_Sound_Gear,577.5,52628,558,646.23
2026-03-04 00:00:00,CAMP-TT-01,TikTok_Spark_Influencer_UGC,SET-T01,GenZ_Adventure,AD-T101,UGC_Backpack_Unboxing,370.82,30469,321,517.91
2026-03-04 00:00:00,CAMP-TT-02,TikTok_TopView_Brand_Push,SET-T02,Broad_US_18_34,AD-T102,Video_Trending_Sound_Gear,602.62,49999,527,570.65
2026-03-05 00:00:00,CAMP-TT-01,TikTok_Spark_Influencer_UGC,SET-T01,GenZ_Adventure,AD-T101,UGC_Backpack_Unboxing,610.46,53399,511,571.77
2026-03-05 00:00:00,CAMP-TT-02,TikTok_TopView_Brand_Push,SET-T02,Broad_US_18_34,AD-T102,Video_Trending_Sound_Gear,366.16,28415,272,427.91
2026-03-06 00:00:00,CAMP-TT-01,TikTok_Spark_Influencer_UGC,SET-T01,GenZ_Adventure,AD-T101,UGC_Backpack_Unboxing,480.62,40394,571,676.44
2026-03-06 00:00:00,CAMP-TT-02,TikTok_TopView_Brand_Push,SET-T02,Broad_US_18_34,AD-T102,Video_Trending_Sound_Gear,480.43,52929,581,588.21
2026-03-07 00:00:00,CAMP-TT-01,TikTok_Spark_Influencer_UGC,SET-T01,GenZ_Adventure,AD-T101,UGC_Backpack_Unboxing,680.04,55483,503,851.8
2026-03-07 00:00:00,CAMP-TT-02,TikTok_TopView_Brand_Push,SET-T02,Broad_US_18_34,AD-T102,Video_Trending_Sound_Gear,484.98,38029,394,628.98
2026-03-08 00:00:00,CAMP-TT-01,TikTok_Spark_Influencer_UGC,SET-T01,GenZ_Adventure,AD-T101,UGC_Backpack_Unboxing,414.89,37582,486,397.8
2026-03-08 00:00:00,CAMP-TT-02,TikTok_TopView_Brand_Push,SET-T02,Broad_US_18_34,AD-T102,Video_Trending_Sound_Gear,803.55,66114,800,841.71
2026-03-09 00:00:00,CAMP-TT-01,TikTok_Spark_Influencer_UGC,SET-T01,GenZ_Adventure,AD-T101,UGC_Backpack_Unboxing,492.98,41127,465,635.36
2026-03-09 00:00:00,CAMP-TT-02,TikTok_TopView_Brand_Push,SET-T02,Broad_US_18_34,AD-T102,Video_Trending_Sound_Gear,473.48,47294,449,380.71
2026-03-10 00:00:00,CAMP-TT-01,TikTok_Spark_Influencer_UGC,SET-T01,GenZ_Adventure,AD-T101,UGC_Backpack_Unboxing,420.38,32984,447,395.88
2026-03-10 00:00:00,CAMP-TT-02,TikTok_TopView_Brand_Push,SET-T02,Broad_US_18_34,AD-T102,Video_Trending_Sound_Gear,683.62,59383,856,885.11
2026-03-11 00:00:00,CAMP-TT-01,TikTok_Spark_Influencer_UGC,SET-T01,GenZ_Adventure,AD-T101,UGC_Backpack_Unboxing,588.97,62488,596,474.81
2026-03-11 00:00:00,CAMP-TT-02,TikTok_TopView_Brand_Push,SET-T02,Broad_US_18_34,AD-T102,Video_Trending_Sound_Gear,586.45,54694,738,608.3
2026-03-12 00:00:00,CAMP-TT-01,TikTok_Spark_Influencer_UGC,SET-T01,GenZ_Adventure,AD-T101,UGC_Backpack_Unboxing,627.73,65026,599,651.97
2026-03-12 00:00:00,CAMP-TT-02,TikTok_TopView_Brand_Push,SET-T02,Broad_US_18_34,AD-T102,Video_Trending_Sound_Gear,463.39,43132,575,402.16
2026-03-13 00:00:00,CAMP-TT-01,TikTok_Spark_Influencer_UGC,SET-T01,GenZ_Adventure,AD-T101,UGC_Backpack_Unboxing,440.49,33405,282,642.96
2026-03-13 00:00:00,CAMP-TT-02,TikTok_TopView_Brand_Push,SET-T02,Broad_US_18_34,AD-T102,Video_Trending_Sound_Gear,694.53,73550,738,736.67
2026-03-14 00:00:00,CAMP-TT-01,TikTok_Spark_Influencer_UGC,SET-T01,GenZ_Adventure,AD-T101,UGC_Backpack_Unboxing,793.72,66255,828,1055.85
2026-03-14 00:00:00,CAMP-TT-02,TikTok_TopView_Brand_Push,SET-T02,Broad_US_18_34,AD-T102,Video_Trending_Sound_Gear,451.35,34281,443,543.49
2026-03-15 00:00:00,CAMP-TT-01,TikTok_Spark_Influencer_UGC,SET-T01,GenZ_Adventure,AD-T101,UGC_Backpack_Unboxing,852.66,68204,641,938.63
2026-03-15 00:00:00,CAMP-TT-02,TikTok_TopView_Brand_Push,SET-T02,Broad_US_18_34,AD-T102,Video_Trending_Sound_Gear,646.9,69738,1023,575.74
2026-03-16 00:00:00,CAMP-TT-01,TikTok_Spark_Influencer_UGC,SET-T01,GenZ_Adventure,AD-T101,UGC_Backpack_Unboxing,578.98,50210,410,837.97
2026-03-16 00:00:00,CAMP-TT-02,TikTok_TopView_Brand_Push,SET-T02,Broad_US_18_34,AD-T102,Video_Trending_Sound_Gear,640.73,55134,529,567.13
2026-03-17 00:00:00,CAMP-TT-01,TikTok_Spark_Influencer_UGC,SET-T01,GenZ_Adventure,AD-T101,UGC_Backpack_Unboxing,445.36,43335,500,657.57
2026-03-17 00:00:00,CAMP-TT-02,TikTok_TopView_Brand_Push,SET-T02,Broad_US_18_34,AD-T102,Video_Trending_Sound_Gear,529.98,39404,494,600.29
2026-03-18 00:00:00,CAMP-TT-01,TikTok_Spark_Influencer_UGC,SET-T01,GenZ_Adventure,AD-T101,UGC_Backpack_Unboxing,641.84,56515,795,644.47
2026-03-18 00:00:00,CAMP-TT-02,TikTok_TopView_Brand_Push,SET-T02,Broad_US_18_34,AD-T102,Video_Trending_Sound_Gear,351.53,26477,320,500.0
2026-03-19 00:00:00,CAMP-TT-01,TikTok_Spark_Influencer_UGC,SET-T01,GenZ_Adventure,AD-T101,UGC_Backpack_Unboxing,675.13,72844,838,717.31
2026-03-19 00:00:00,CAMP-TT-02,TikTok_TopView_Brand_Push,SET-T02,Broad_US_18_34,AD-T102,Video_Trending_Sound_Gear,550.34,42438,422,654.77
2026-03-20 00:00:00,CAMP-TT-01,TikTok_Spark_Influencer_UGC,SET-T01,GenZ_Adventure,AD-T101,UGC_Backpack_Unboxing,583.49,60326,826,714.35
2026-03-20 00:00:00,CAMP-TT-02,TikTok_TopView_Brand_Push,SET-T02,Broad_US_18_34,AD-T102,Video_Trending_Sound_Gear,679.81,63547,556,784.88
2026-03-21 00:00:00,CAMP-TT-01,TikTok_Spark_Influencer_UGC,SET-T01,GenZ_Adventure,AD-T101,UGC_Backpack_Unboxing,434.62,31385,259,576.94
2026-03-21 00:00:00,CAMP-TT-02,TikTok_TopView_Brand_Push,SET-T02,Broad_US_18_34,AD-T102,Video_Trending_Sound_Gear,663.05,61149,517,819.21
2026-03-22 00:00:00,CAMP-TT-01,TikTok_Spark_Influencer_UGC,SET-T01,GenZ_Adventure,AD-T101,UGC_Backpack_Unboxing,694.31,66732,959,703.25
2026-03-22 00:00:00,CAMP-TT-02,TikTok_TopView_Brand_Push,SET-T02,Broad_US_18_34,AD-T102,Video_Trending_Sound_Gear,623.86,53235,463,906.16
2026-03-23 00:00:00,CAMP-TT-01,TikTok_Spark_Influencer_UGC,SET-T01,GenZ_Adventure,AD-T101,UGC_Backpack_Unboxing,449.81,47832,512,548.83
2026-03-23 00:00:00,CAMP-TT-02,TikTok_TopView_Brand_Push,SET-T02,Broad_US_18_34,AD-T102,Video_Trending_Sound_Gear,505.46,40525,339,505.04
2026-03-24 00:00:00,CAMP-TT-01,TikTok_Spark_Influencer_UGC,SET-T01,GenZ_Adventure,AD-T101,UGC_Backpack_Unboxing,627.69,66779,934,542.53
2026-03-24 00:00:00,CAMP-TT-02,TikTok_TopView_Brand_Push,SET-T02,Broad_US_18_34,AD-T102,Video_Trending_Sound_Gear,633.78,58661,720,574.85
2026-03-25 00:00:00,CAMP-TT-01,TikTok_Spark_Influencer_UGC,SET-T01,GenZ_Adventure,AD-T101,UGC_Backpack_Unboxing,326.47,32388,288,332.57
2026-03-25 00:00:00,CAMP-TT-02,TikTok_TopView_Brand_Push,SET-T02,Broad_US_18_34,AD-T102,Video_Trending_Sound_Gear,505.75,42344,572,636.93
2026-03-26 00:00:00,CAMP-TT-01,TikTok_Spark_Influencer_UGC,SET-T01,GenZ_Adventure,AD-T101,UGC_Backpack_Unboxing,543.5,49145,556,592.5
2026-03-26 00:00:00,CAMP-TT-02,TikTok_TopView_Brand_Push,SET-T02,Broad_US_18_34,AD-T102,Video_Trending_Sound_Gear,636.87,62745,504,799.86
2026-03-27 00:00:00,CAMP-TT-01,TikTok_Spark_Influencer_UGC,SET-T01,GenZ_Adventure,AD-T101,UGC_Backpack_Unboxing,380.98,28324,396,325.25
2026-03-27 00:00:00,CAMP-TT-02,TikTok_TopView_Brand_Push,SET-T02,Broad_US_18_34,AD-T102,Video_Trending_Sound_Gear,342.56,29850,366,339.97
2026-03-28 00:00:00,CAMP-TT-01,TikTok_Spark_Influencer_UGC,SET-T01,GenZ_Adventure,AD-T101,UGC_Backpack_Unboxing,762.73,63695,654,623.73
2026-03-28 00:00:00,CAMP-TT-02,TikTok_TopView_Brand_Push,SET-T02,Broad_US_18_34,AD-T102,Video_Trending_Sound_Gear,780.08,77436,1071,853.57
2026-03-29 00:00:00,CAMP-TT-01,TikTok_Spark_Influencer_UGC,SET-T01,GenZ_Adventure,AD-T101,UGC_Backpack_Unboxing,690.08,51634,725,731.53
2026-03-29 00:00:00,CAMP-TT-02,TikTok_TopView_Brand_Push,SET-T02,Broad_US_18_34,AD-T102,Video_Trending_Sound_Gear,498.62,38725,427,465.93
2026-03-30 00:00:00,CAMP-TT-01,TikTok_Spark_Influencer_UGC,SET-T01,GenZ_Adventure,AD-T101,UGC_Backpack_Unboxing,661.77,66239,541,538.81
2026-03-30 00:00:00,CAMP-TT-02,TikTok_TopView_Brand_Push,SET-T02,Broad_US_18_34,AD-T102,Video_Trending_Sound_Gear,548.93,44598,453,562.11
2026-03-31 00:00:00,CAMP-TT-01,TikTok_Spark_Influencer_UGC,SET-T01,GenZ_Adventure,AD-T101,UGC_Backpack_Unboxing,435.8,35142,295,632.08
2026-03-31 00:00:00,CAMP-TT-02,TikTok_TopView_Brand_Push,SET-T02,Broad_US_18_34,AD-T102,Video_Trending_Sound_Gear,389.01,27789,255,521.31
2026-04-01 00:00:00,CAMP-TT-01,TikTok_Spark_Influencer_UGC,SET-T01,GenZ_Adventure,AD-T101,UGC_Backpack_Unboxing,389.37,41403,584,545.56
2026-04-01 00:00:00,CAMP-TT-02,TikTok_TopView_Brand_Push,SET-T02,Broad_US_18_34,AD-T102,Video_Trending_Sound_Gear,461.43,36879,438,644.65
2026-04-02 00:00:00,CAMP-TT-01,TikTok_Spark_Influencer_UGC,SET-T01,GenZ_Adventure,AD-T101,UGC_Backpack_Unboxing,426.02,36667,417,446.36
2026-04-02 00:00:00,CAMP-TT-02,TikTok_TopView_Brand_Push,SET-T02,Broad_US_18_34,AD-T102,Video_Trending_Sound_Gear,656.58,66797,604,790.42
2026-04-03 00:00:00,CAMP-TT-01,TikTok_Spark_Influencer_UGC,SET-T01,GenZ_Adventure,AD-T101,UGC_Backpack_Unboxing,563.0,56451,606,823.44
2026-04-03 00:00:00,CAMP-TT-02,TikTok_TopView_Brand_Push,SET-T02,Broad_US_18_34,AD-T102,Video_Trending_Sound_Gear,398.65,32300,425,443.97
2026-04-04 00:00:00,CAMP-TT-01,TikTok_Spark_Influencer_UGC,SET-T01,GenZ_Adventure,AD-T101,UGC_Backpack_Unboxing,877.51,69186,775,1051.73
2026-04-04 00:00:00,CAMP-TT-02,TikTok_TopView_Brand_Push,SET-T02,Broad_US_18_34,AD-T102,Video_Trending_Sound_Gear,750.16,62717,887,787.53
2026-04-05 00:00:00,CAMP-TT-01,TikTok_Spark_Influencer_UGC,SET-T01,GenZ_Adventure,AD-T101,UGC_Backpack_Unboxing,545.94,54218,448,453.19
2026-04-05 00:00:00,CAMP-TT-02,TikTok_TopView_Brand_Push,SET-T02,Broad_US_18_34,AD-T102,Video_Trending_Sound_Gear,842.43,67981,858,1036.4
2026-04-06 00:00:00,CAMP-TT-01,TikTok_Spark_Influencer_UGC,SET-T01,GenZ_Adventure,AD-T101,UGC_Backpack_Unboxing,639.69,56106,790,672.71
2026-04-06 00:00:00,CAMP-TT-02,TikTok_TopView_Brand_Push,SET-T02,Broad_US_18_34,AD-T102,Video_Trending_Sound_Gear,670.68,53683,526,801.37
2026-04-07 00:00:00,CAMP-TT-01,TikTok_Spark_Influencer_UGC,SET-T01,GenZ_Adventure,AD-T101,UGC_Backpack_Unboxing,513.21,52965,642,523.65
2026-04-07 00:00:00,CAMP-TT-02,TikTok_TopView_Brand_Push,SET-T02,Broad_US_18_34,AD-T102,Video_Trending_Sound_Gear,320.94,23352,291,453.76
2026-04-08 00:00:00,CAMP-TT-01,TikTok_Spark_Influencer_UGC,SET-T01,GenZ_Adventure,AD-T101,UGC_Backpack_Unboxing,570.42,52890,612,726.16
2026-04-08 00:00:00,CAMP-TT-02,TikTok_TopView_Brand_Push,SET-T02,Broad_US_18_34,AD-T102,Video_Trending_Sound_Gear,684.1,66622,941,989.79
2026-04-09 00:00:00,CAMP-TT-01,TikTok_Spark_Influencer_UGC,SET-T01,GenZ_Adventure,AD-T101,UGC_Backpack_Unboxing,568.17,41604,448,833.57
2026-04-09 00:00:00,CAMP-TT-02,TikTok_TopView_Brand_Push,SET-T02,Broad_US_18_34,AD-T102,Video_Trending_Sound_Gear,581.11,63095,905,661.96
2026-04-10 00:00:00,CAMP-TT-01,TikTok_Spark_Influencer_UGC,SET-T01,GenZ_Adventure,AD-T101,UGC_Backpack_Unboxing,484.13,40915,370,546.3
2026-04-10 00:00:00,CAMP-TT-02,TikTok_TopView_Brand_Push,SET-T02,Broad_US_18_34,AD-T102,Video_Trending_Sound_Gear,632.45,69672,690,507.05
2026-04-11 00:00:00,CAMP-TT-01,TikTok_Spark_Influencer_UGC,SET-T01,GenZ_Adventure,AD-T101,UGC_Backpack_Unboxing,606.17,47950,651,886.0
2026-04-11 00:00:00,CAMP-TT-02,TikTok_TopView_Brand_Push,SET-T02,Broad_US_18_34,AD-T102,Video_Trending_Sound_Gear,706.42,68763,994,948.52
2026-04-12 00:00:00,CAMP-TT-01,TikTok_Spark_Influencer_UGC,SET-T01,GenZ_Adventure,AD-T101,UGC_Backpack_Unboxing,688.7,55192,798,894.4
2026-04-12 00:00:00,CAMP-TT-02,TikTok_TopView_Brand_Push,SET-T02,Broad_US_18_34,AD-T102,Video_Trending_Sound_Gear,581.55,46282,383,622.54
2026-04-13 00:00:00,CAMP-TT-01,TikTok_Spark_Influencer_UGC,SET-T01,GenZ_Adventure,AD-T101,UGC_Backpack_Unboxing,462.53,47032,383,413.21
2026-04-13 00:00:00,CAMP-TT-02,TikTok_TopView_Brand_Push,SET-T02,Broad_US_18_34,AD-T102,Video_Trending_Sound_Gear,561.85,43181,644,585.7
2026-04-14 00:00:00,CAMP-TT-01,TikTok_Spark_Influencer_UGC,SET-T01,GenZ_Adventure,AD-T101,UGC_Backpack_Unboxing,539.75,39438,361,702.94
2026-04-14 00:00:00,CAMP-TT-02,TikTok_TopView_Brand_Push,SET-T02,Broad_US_18_34,AD-T102,Video_Trending_Sound_Gear,601.99,63737,894,824.23
2026-04-15 00:00:00,CAMP-TT-01,TikTok_Spark_Influencer_UGC,SET-T01,GenZ_Adventure,AD-T101,UGC_Backpack_Unboxing,313.36,33140,276,324.11
2026-04-15 00:00:00,CAMP-TT-02,TikTok_TopView_Brand_Push,SET-T02,Broad_US_18_34,AD-T102,Video_Trending_Sound_Gear,503.72,43194,426,724.41
2026-04-16 00:00:00,CAMP-TT-01,TikTok_Spark_Influencer_UGC,SET-T01,GenZ_Adventure,AD-T101,UGC_Backpack_Unboxing,447.31,48474,489,524.15
2026-04-16 00:00:00,CAMP-TT-02,TikTok_TopView_Brand_Push,SET-T02,Broad_US_18_34,AD-T102,Video_Trending_Sound_Gear,463.29,44679,398,636.29
2026-04-17 00:00:00,CAMP-TT-01,TikTok_Spark_Influencer_UGC,SET-T01,GenZ_Adventure,AD-T101,UGC_Backpack_Unboxing,698.46,65597,700,860.94
2026-04-17 00:00:00,CAMP-TT-02,TikTok_TopView_Brand_Push,SET-T02,Broad_US_18_34,AD-T102,Video_Trending_Sound_Gear,587.38,53592,768,700.16
2026-04-18 00:00:00,CAMP-TT-01,TikTok_Spark_Influencer_UGC,SET-T01,GenZ_Adventure,AD-T101,UGC_Backpack_Unboxing,624.2,51024,748,846.53
2026-04-18 00:00:00,CAMP-TT-02,TikTok_TopView_Brand_Push,SET-T02,Broad_US_18_34,AD-T102,Video_Trending_Sound_Gear,410.81,38531,435,419.09
2026-04-19 00:00:00,CAMP-TT-01,TikTok_Spark_Influencer_UGC,SET-T01,GenZ_Adventure,AD-T101,UGC_Backpack_Unboxing,754.1,57427,753,1125.52
2026-04-19 00:00:00,CAMP-TT-02,TikTok_TopView_Brand_Push,SET-T02,Broad_US_18_34,AD-T102,Video_Trending_Sound_Gear,531.72,39754,531,560.18
2026-04-20 00:00:00,CAMP-TT-01,TikTok_Spark_Influencer_UGC,SET-T01,GenZ_Adventure,AD-T101,UGC_Backpack_Unboxing,593.65,62355,843,696.13
2026-04-20 00:00:00,CAMP-TT-02,TikTok_TopView_Brand_Push,SET-T02,Broad_US_18_34,AD-T102,Video_Trending_Sound_Gear,416.92,33954,424,394.67
2026-04-21 00:00:00,CAMP-TT-01,TikTok_Spark_Influencer_UGC,SET-T01,GenZ_Adventure,AD-T101,UGC_Backpack_Unboxing,312.16,27951,335,441.28
2026-04-21 00:00:00,CAMP-TT-02,TikTok_TopView_Brand_Push,SET-T02,Broad_US_18_34,AD-T102,Video_Trending_Sound_Gear,671.29,57651,765,743.46
2026-04-22 00:00:00,CAMP-TT-01,TikTok_Spark_Influencer_UGC,SET-T01,GenZ_Adventure,AD-T101,UGC_Backpack_Unboxing,598.43,59699,632,744.42
2026-04-22 00:00:00,CAMP-TT-02,TikTok_TopView_Brand_Push,SET-T02,Broad_US_18_34,AD-T102,Video_Trending_Sound_Gear,307.26,24361,337,331.66
2026-04-23 00:00:00,CAMP-TT-01,TikTok_Spark_Influencer_UGC,SET-T01,GenZ_Adventure,AD-T101,UGC_Backpack_Unboxing,479.18,36147,485,480.0
2026-04-23 00:00:00,CAMP-TT-02,TikTok_TopView_Brand_Push,SET-T02,Broad_US_18_34,AD-T102,Video_Trending_Sound_Gear,429.59,34660,413,392.46
2026-04-24 00:00:00,CAMP-TT-01,TikTok_Spark_Influencer_UGC,SET-T01,GenZ_Adventure,AD-T101,UGC_Backpack_Unboxing,423.97,31405,402,631.79
2026-04-24 00:00:00,CAMP-TT-02,TikTok_TopView_Brand_Push,SET-T02,Broad_US_18_34,AD-T102,Video_Trending_Sound_Gear,606.81,44260,421,813.15
2026-04-25 00:00:00,CAMP-TT-01,TikTok_Spark_Influencer_UGC,SET-T01,GenZ_Adventure,AD-T101,UGC_Backpack_Unboxing,400.51,32419,365,417.62
2026-04-25 00:00:00,CAMP-TT-02,TikTok_TopView_Brand_Push,SET-T02,Broad_US_18_34,AD-T102,Video_Trending_Sound_Gear,838.45,63177,515,1028.49
2026-04-26 00:00:00,CAMP-TT-01,TikTok_Spark_Influencer_UGC,SET-T01,GenZ_Adventure,AD-T101,UGC_Backpack_Unboxing,581.27,52469,725,591.09
2026-04-26 00:00:00,CAMP-TT-02,TikTok_TopView_Brand_Push,SET-T02,Broad_US_18_34,AD-T102,Video_Trending_Sound_Gear,880.39,88944,1124,1118.51
2026-04-27 00:00:00,CAMP-TT-01,TikTok_Spark_Influencer_UGC,SET-T01,GenZ_Adventure,AD-T101,UGC_Backpack_Unboxing,400.88,37734,522,534.48
2026-04-27 00:00:00,CAMP-TT-02,TikTok_TopView_Brand_Push,SET-T02,Broad_US_18_34,AD-T102,Video_Trending_Sound_Gear,431.64,36987,311,408.38
2026-04-28 00:00:00,CAMP-TT-01,TikTok_Spark_Influencer_UGC,SET-T01,GenZ_Adventure,AD-T101,UGC_Backpack_Unboxing,494.33,52421,728,643.92
2026-04-28 00:00:00,CAMP-TT-02,TikTok_TopView_Brand_Push,SET-T02,Broad_US_18_34,AD-T102,Video_Trending_Sound_Gear,677.45,54337,792,804.92
2026-04-29 00:00:00,CAMP-TT-01,TikTok_Spark_Influencer_UGC,SET-T01,GenZ_Adventure,AD-T101,UGC_Backpack_Unboxing,540.09,38897,486,443.71
2026-04-29 00:00:00,CAMP-TT-02,TikTok_TopView_Brand_Push,SET-T02,Broad_US_18_34,AD-T102,Video_Trending_Sound_Gear,589.52,43579,591,712.54
2026-04-30 00:00:00,CAMP-TT-01,TikTok_Spark_Influencer_UGC,SET-T01,GenZ_Adventure,AD-T101,UGC_Backpack_Unboxing,568.52,40751,351,720.36
2026-04-30 00:00:00,CAMP-TT-02,TikTok_TopView_Brand_Push,SET-T02,Broad_US_18_34,AD-T102,Video_Trending_Sound_Gear,413.36,33880,415,375.09
2026-05-01 00:00:00,CAMP-TT-01,TikTok_Spark_Influencer_UGC,SET-T01,GenZ_Adventure,AD-T101,UGC_Backpack_Unboxing,382.7,31606,281,377.2
2026-05-01 00:00:00,CAMP-TT-02,TikTok_TopView_Brand_Push,SET-T02,Broad_US_18_34,AD-T102,Video_Trending_Sound_Gear,634.1,59621,680,925.02
2026-05-02 00:00:00,CAMP-TT-01,TikTok_Spark_Influencer_UGC,SET-T01,GenZ_Adventure,AD-T101,UGC_Backpack_Unboxing,508.12,46411,568,675.16
2026-05-02 00:00:00,CAMP-TT-02,TikTok_TopView_Brand_Push,SET-T02,Broad_US_18_34,AD-T102,Video_Trending_Sound_Gear,858.86,63256,849,824.36
2026-05-03 00:00:00,CAMP-TT-01,TikTok_Spark_Influencer_UGC,SET-T01,GenZ_Adventure,AD-T101,UGC_Backpack_Unboxing,402.9,36899,331,522.67
2026-05-03 00:00:00,CAMP-TT-02,TikTok_TopView_Brand_Push,SET-T02,Broad_US_18_34,AD-T102,Video_Trending_Sound_Gear,733.79,79587,1102,714.8
2026-05-04 00:00:00,CAMP-TT-01,TikTok_Spark_Influencer_UGC,SET-T01,GenZ_Adventure,AD-T101,UGC_Backpack_Unboxing,472.89,38322,421,524.39
2026-05-04 00:00:00,CAMP-TT-02,TikTok_TopView_Brand_Push,SET-T02,Broad_US_18_34,AD-T102,Video_Trending_Sound_Gear,326.25,29639,395,470.0
2026-05-05 00:00:00,CAMP-TT-01,TikTok_Spark_Influencer_UGC,SET-T01,GenZ_Adventure,AD-T101,UGC_Backpack_Unboxing,465.4,41860,540,679.46
2026-05-05 00:00:00,CAMP-TT-02,TikTok_TopView_Brand_Push,SET-T02,Broad_US_18_34,AD-T102,Video_Trending_Sound_Gear,406.82,36320,492,499.08
2026-05-06 00:00:00,CAMP-TT-01,TikTok_Spark_Influencer_UGC,SET-T01,GenZ_Adventure,AD-T101,UGC_Backpack_Unboxing,344.23,28358,263,398.33
2026-05-06 00:00:00,CAMP-TT-02,TikTok_TopView_Brand_Push,SET-T02,Broad_US_18_34,AD-T102,Video_Trending_Sound_Gear,511.64,38236,429,509.39
2026-05-07 00:00:00,CAMP-TT-01,TikTok_Spark_Influencer_UGC,SET-T01,GenZ_Adventure,AD-T101,UGC_Backpack_Unboxing,392.39,29345,269,430.89
2026-05-07 00:00:00,CAMP-TT-02,TikTok_TopView_Brand_Push,SET-T02,Broad_US_18_34,AD-T102,Video_Trending_Sound_Gear,374.87,29135,329,392.04
2026-05-08 00:00:00,CAMP-TT-01,TikTok_Spark_Influencer_UGC,SET-T01,GenZ_Adventure,AD-T101,UGC_Backpack_Unboxing,444.44,33514,398,578.89
2026-05-08 00:00:00,CAMP-TT-02,TikTok_TopView_Brand_Push,SET-T02,Broad_US_18_34,AD-T102,Video_Trending_Sound_Gear,658.82,48770,502,966.3
2026-05-09 00:00:00,CAMP-TT-01,TikTok_Spark_Influencer_UGC,SET-T01,GenZ_Adventure,AD-T101,UGC_Backpack_Unboxing,402.94,37020,528,399.82
2026-05-09 00:00:00,CAMP-TT-02,TikTok_TopView_Brand_Push,SET-T02,Broad_US_18_34,AD-T102,Video_Trending_Sound_Gear,532.0,50603,621,588.84
2026-05-10 00:00:00,CAMP-TT-01,TikTok_Spark_Influencer_UGC,SET-T01,GenZ_Adventure,AD-T101,UGC_Backpack_Unboxing,767.9,56988,724,724.23
2026-05-10 00:00:00,CAMP-TT-02,TikTok_TopView_Brand_Push,SET-T02,Broad_US_18_34,AD-T102,Video_Trending_Sound_Gear,874.99,84765,767,755.1
2026-05-11 00:00:00,CAMP-TT-01,TikTok_Spark_Influencer_UGC,SET-T01,GenZ_Adventure,AD-T101,UGC_Backpack_Unboxing,525.35,54902,492,530.61
2026-05-11 00:00:00,CAMP-TT-02,TikTok_TopView_Brand_Push,SET-T02,Broad_US_18_34,AD-T102,Video_Trending_Sound_Gear,412.66,34327,470,550.05
2026-05-12 00:00:00,CAMP-TT-01,TikTok_Spark_Influencer_UGC,SET-T01,GenZ_Adventure,AD-T101,UGC_Backpack_Unboxing,404.99,39601,584,326.33
2026-05-12 00:00:00,CAMP-TT-02,TikTok_TopView_Brand_Push,SET-T02,Broad_US_18_34,AD-T102,Video_Trending_Sound_Gear,651.89,65197,953,677.71
2026-05-13 00:00:00,CAMP-TT-01,TikTok_Spark_Influencer_UGC,SET-T01,GenZ_Adventure,AD-T101,UGC_Backpack_Unboxing,476.14,37983,460,486.88
2026-05-13 00:00:00,CAMP-TT-02,TikTok_TopView_Brand_Push,SET-T02,Broad_US_18_34,AD-T102,Video_Trending_Sound_Gear,521.53,41216,341,421.31
2026-05-14 00:00:00,CAMP-TT-01,TikTok_Spark_Influencer_UGC,SET-T01,GenZ_Adventure,AD-T101,UGC_Backpack_Unboxing,483.23,50028,632,458.99
2026-05-14 00:00:00,CAMP-TT-02,TikTok_TopView_Brand_Push,SET-T02,Broad_US_18_34,AD-T102,Video_Trending_Sound_Gear,473.14,47369,560,416.95
2026-05-15 00:00:00,CAMP-TT-01,TikTok_Spark_Influencer_UGC,SET-T01,GenZ_Adventure,AD-T101,UGC_Backpack_Unboxing,309.24,33410,490,278.19
2026-05-15 00:00:00,CAMP-TT-02,TikTok_TopView_Brand_Push,SET-T02,Broad_US_18_34,AD-T102,Video_Trending_Sound_Gear,583.39,62463,546,674.52
2026-05-16 00:00:00,CAMP-TT-01,TikTok_Spark_Influencer_UGC,SET-T01,GenZ_Adventure,AD-T101,UGC_Backpack_Unboxing,631.73,45917,671,850.14
2026-05-16 00:00:00,CAMP-TT-02,TikTok_TopView_Brand_Push,SET-T02,Broad_US_18_34,AD-T102,Video_Trending_Sound_Gear,703.09,62359,654,1028.59
2026-05-17 00:00:00,CAMP-TT-01,TikTok_Spark_Influencer_UGC,SET-T01,GenZ_Adventure,AD-T101,UGC_Backpack_Unboxing,703.51,59141,569,585.8
2026-05-17 00:00:00,CAMP-TT-02,TikTok_TopView_Brand_Push,SET-T02,Broad_US_18_34,AD-T102,Video_Trending_Sound_Gear,881.5,83406,925,775.94
2026-05-18 00:00:00,CAMP-TT-01,TikTok_Spark_Influencer_UGC,SET-T01,GenZ_Adventure,AD-T101,UGC_Backpack_Unboxing,634.77,69463,961,570.15
2026-05-18 00:00:00,CAMP-TT-02,TikTok_TopView_Brand_Push,SET-T02,Broad_US_18_34,AD-T102,Video_Trending_Sound_Gear,654.63,51754,473,782.99
2026-05-19 00:00:00,CAMP-TT-01,TikTok_Spark_Influencer_UGC,SET-T01,GenZ_Adventure,AD-T101,UGC_Backpack_Unboxing,425.06,42973,602,460.11
2026-05-19 00:00:00,CAMP-TT-02,TikTok_TopView_Brand_Push,SET-T02,Broad_US_18_34,AD-T102,Video_Trending_Sound_Gear,459.42,46644,498,647.84
2026-05-20 00:00:00,CAMP-TT-01,TikTok_Spark_Influencer_UGC,SET-T01,GenZ_Adventure,AD-T101,UGC_Backpack_Unboxing,445.25,32362,473,401.36
2026-05-20 00:00:00,CAMP-TT-02,TikTok_TopView_Brand_Push,SET-T02,Broad_US_18_34,AD-T102,Video_Trending_Sound_Gear,370.92,27860,299,297.87
2026-05-21 00:00:00,CAMP-TT-01,TikTok_Spark_Influencer_UGC,SET-T01,GenZ_Adventure,AD-T101,UGC_Backpack_Unboxing,409.55,34162,464,365.88
2026-05-21 00:00:00,CAMP-TT-02,TikTok_TopView_Brand_Push,SET-T02,Broad_US_18_34,AD-T102,Video_Trending_Sound_Gear,344.22,25290,335,417.49
2026-05-22 00:00:00,CAMP-TT-01,TikTok_Spark_Influencer_UGC,SET-T01,GenZ_Adventure,AD-T101,UGC_Backpack_Unboxing,607.67,54527,725,644.29
2026-05-22 00:00:00,CAMP-TT-02,TikTok_TopView_Brand_Push,SET-T02,Broad_US_18_34,AD-T102,Video_Trending_Sound_Gear,397.64,31446,343,591.28
2026-05-23 00:00:00,CAMP-TT-01,TikTok_Spark_Influencer_UGC,SET-T01,GenZ_Adventure,AD-T101,UGC_Backpack_Unboxing,571.73,42012,610,554.18
2026-05-23 00:00:00,CAMP-TT-02,TikTok_TopView_Brand_Push,SET-T02,Broad_US_18_34,AD-T102,Video_Trending_Sound_Gear,805.08,72105,1039,897.73
2026-05-24 00:00:00,CAMP-TT-01,TikTok_Spark_Influencer_UGC,SET-T01,GenZ_Adventure,AD-T101,UGC_Backpack_Unboxing,777.04,68553,657,730.06
2026-05-24 00:00:00,CAMP-TT-02,TikTok_TopView_Brand_Push,SET-T02,Broad_US_18_34,AD-T102,Video_Trending_Sound_Gear,611.22,47835,585,783.61
2026-05-25 00:00:00,CAMP-TT-01,TikTok_Spark_Influencer_UGC,SET-T01,GenZ_Adventure,AD-T101,UGC_Backpack_Unboxing,412.93,36199,300,566.65
2026-05-25 00:00:00,CAMP-TT-02,TikTok_TopView_Brand_Push,SET-T02,Broad_US_18_34,AD-T102,Video_Trending_Sound_Gear,695.96,63071,509,639.49
2026-05-26 00:00:00,CAMP-TT-01,TikTok_Spark_Influencer_UGC,SET-T01,GenZ_Adventure,AD-T101,UGC_Backpack_Unboxing,561.01,46516,628,548.51
2026-05-26 00:00:00,CAMP-TT-02,TikTok_TopView_Brand_Push,SET-T02,Broad_US_18_34,AD-T102,Video_Trending_Sound_Gear,605.45,48669,499,715.55
2026-05-27 00:00:00,CAMP-TT-01,TikTok_Spark_Influencer_UGC,SET-T01,GenZ_Adventure,AD-T101,UGC_Backpack_Unboxing,358.91,31866,451,392.95
2026-05-27 00:00:00,CAMP-TT-02,TikTok_TopView_Brand_Push,SET-T02,Broad_US_18_34,AD-T102,Video_Trending_Sound_Gear,635.83,53201,497,767.3
2026-05-28 00:00:00,CAMP-TT-01,TikTok_Spark_Influencer_UGC,SET-T01,GenZ_Adventure,AD-T101,UGC_Backpack_Unboxing,502.39,45700,403,548.46
2026-05-28 00:00:00,CAMP-TT-02,TikTok_TopView_Brand_Push,SET-T02,Broad_US_18_34,AD-T102,Video_Trending_Sound_Gear,329.1,34664,378,333.63
2026-05-29 00:00:00,CAMP-TT-01,TikTok_Spark_Influencer_UGC,SET-T01,GenZ_Adventure,AD-T101,UGC_Backpack_Unboxing,670.22,61609,819,784.94
2026-05-29 00:00:00,CAMP-TT-02,TikTok_TopView_Brand_Push,SET-T02,Broad_US_18_34,AD-T102,Video_Trending_Sound_Gear,581.63,56465,824,681.12
2026-05-30 00:00:00,CAMP-TT-01,TikTok_Spark_Influencer_UGC,SET-T01,GenZ_Adventure,AD-T101,UGC_Backpack_Unboxing,822.29,75960,660,1045.62
2026-05-30 00:00:00,CAMP-TT-02,TikTok_TopView_Brand_Push,SET-T02,Broad_US_18_34,AD-T102,Video_Trending_Sound_Gear,394.04,34636,323,488.28
2026-05-31 00:00:00,CAMP-TT-01,TikTok_Spark_Influencer_UGC,SET-T01,GenZ_Adventure,AD-T101,UGC_Backpack_Unboxing,899.3,79429,1089,1039.1
2026-05-31 00:00:00,CAMP-TT-02,TikTok_TopView_Brand_Push,SET-T02,Broad_US_18_34,AD-T102,Video_Trending_Sound_Gear,647.84,47453,675,874.62
2026-06-01 00:00:00,CAMP-TT-01,TikTok_Spark_Influencer_UGC,SET-T01,GenZ_Adventure,AD-T101,UGC_Backpack_Unboxing,418.5,35692,341,464.85
2026-06-01 00:00:00,CAMP-TT-02,TikTok_TopView_Brand_Push,SET-T02,Broad_US_18_34,AD-T102,Video_Trending_Sound_Gear,493.69,37519,535,538.24
2026-06-02 00:00:00,CAMP-TT-01,TikTok_Spark_Influencer_UGC,SET-T01,GenZ_Adventure,AD-T101,UGC_Backpack_Unboxing,307.08,23073,212,379.34
2026-06-02 00:00:00,CAMP-TT-02,TikTok_TopView_Brand_Push,SET-T02,Broad_US_18_34,AD-T102,Video_Trending_Sound_Gear,309.99,28187,420,269.84
2026-06-03 00:00:00,CAMP-TT-01,TikTok_Spark_Influencer_UGC,SET-T01,GenZ_Adventure,AD-T101,UGC_Backpack_Unboxing,469.48,44560,638,661.28
2026-06-03 00:00:00,CAMP-TT-02,TikTok_TopView_Brand_Push,SET-T02,Broad_US_18_34,AD-T102,Video_Trending_Sound_Gear,395.08,42003,520,409.09
2026-06-04 00:00:00,CAMP-TT-01,TikTok_Spark_Influencer_UGC,SET-T01,GenZ_Adventure,AD-T101,UGC_Backpack_Unboxing,568.83,62095,554,728.36
2026-06-04 00:00:00,CAMP-TT-02,TikTok_TopView_Brand_Push,SET-T02,Broad_US_18_34,AD-T102,Video_Trending_Sound_Gear,384.95,28969,243,366.02
2026-06-05 00:00:00,CAMP-TT-01,TikTok_Spark_Influencer_UGC,SET-T01,GenZ_Adventure,AD-T101,UGC_Backpack_Unboxing,699.42,62641,809,648.97
2026-06-05 00:00:00,CAMP-TT-02,TikTok_TopView_Brand_Push,SET-T02,Broad_US_18_34,AD-T102,Video_Trending_Sound_Gear,543.95,43066,439,750.78
2026-06-06 00:00:00,CAMP-TT-01,TikTok_Spark_Influencer_UGC,SET-T01,GenZ_Adventure,AD-T101,UGC_Backpack_Unboxing,703.78,64297,765,847.16
2026-06-06 00:00:00,CAMP-TT-02,TikTok_TopView_Brand_Push,SET-T02,Broad_US_18_34,AD-T102,Video_Trending_Sound_Gear,476.08,43226,449,514.47
2026-06-07 00:00:00,CAMP-TT-01,TikTok_Spark_Influencer_UGC,SET-T01,GenZ_Adventure,AD-T101,UGC_Backpack_Unboxing,785.78,68851,1003,790.16
2026-06-07 00:00:00,CAMP-TT-02,TikTok_TopView_Brand_Push,SET-T02,Broad_US_18_34,AD-T102,Video_Trending_Sound_Gear,606.17,46863,554,717.05
2026-06-08 00:00:00,CAMP-TT-01,TikTok_Spark_Influencer_UGC,SET-T01,GenZ_Adventure,AD-T101,UGC_Backpack_Unboxing,321.34,29231,289,481.86
2026-06-08 00:00:00,CAMP-TT-02,TikTok_TopView_Brand_Push,SET-T02,Broad_US_18_34,AD-T102,Video_Trending_Sound_Gear,423.34,31539,401,439.7
2026-06-09 00:00:00,CAMP-TT-01,TikTok_Spark_Influencer_UGC,SET-T01,GenZ_Adventure,AD-T101,UGC_Backpack_Unboxing,517.41,39189,555,472.02
2026-06-09 00:00:00,CAMP-TT-02,TikTok_TopView_Brand_Push,SET-T02,Broad_US_18_34,AD-T102,Video_Trending_Sound_Gear,435.83,40822,338,531.17
2026-06-10 00:00:00,CAMP-TT-01,TikTok_Spark_Influencer_UGC,SET-T01,GenZ_Adventure,AD-T101,UGC_Backpack_Unboxing,641.93,58850,775,795.6
2026-06-10 00:00:00,CAMP-TT-02,TikTok_TopView_Brand_Push,SET-T02,Broad_US_18_34,AD-T102,Video_Trending_Sound_Gear,450.26,46393,601,629.55
2026-06-11 00:00:00,CAMP-TT-01,TikTok_Spark_Influencer_UGC,SET-T01,GenZ_Adventure,AD-T101,UGC_Backpack_Unboxing,574.34,63187,601,487.41
2026-06-11 00:00:00,CAMP-TT-02,TikTok_TopView_Brand_Push,SET-T02,Broad_US_18_34,AD-T102,Video_Trending_Sound_Gear,528.15,41318,362,732.46
2026-06-12 00:00:00,CAMP-TT-01,TikTok_Spark_Influencer_UGC,SET-T01,GenZ_Adventure,AD-T101,UGC_Backpack_Unboxing,522.2,41944,620,448.35
2026-06-12 00:00:00,CAMP-TT-02,TikTok_TopView_Brand_Push,SET-T02,Broad_US_18_34,AD-T102,Video_Trending_Sound_Gear,660.49,68583,737,922.05
2026-06-13 00:00:00,CAMP-TT-01,TikTok_Spark_Influencer_UGC,SET-T01,GenZ_Adventure,AD-T101,UGC_Backpack_Unboxing,861.25,74684,908,1115.92
2026-06-13 00:00:00,CAMP-TT-02,TikTok_TopView_Brand_Push,SET-T02,Broad_US_18_34,AD-T102,Video_Trending_Sound_Gear,823.03,85664,1171,935.7
2026-06-14 00:00:00,CAMP-TT-01,TikTok_Spark_Influencer_UGC,SET-T01,GenZ_Adventure,AD-T101,UGC_Backpack_Unboxing,624.32,56146,649,912.47
2026-06-14 00:00:00,CAMP-TT-02,TikTok_TopView_Brand_Push,SET-T02,Broad_US_18_34,AD-T102,Video_Trending_Sound_Gear,675.07,49039,454,882.25
2026-06-15 00:00:00,CAMP-TT-01,TikTok_Spark_Influencer_UGC,SET-T01,GenZ_Adventure,AD-T101,UGC_Backpack_Unboxing,624.9,50412,617,746.99
2026-06-15 00:00:00,CAMP-TT-02,TikTok_TopView_Brand_Push,SET-T02,Broad_US_18_34,AD-T102,Video_Trending_Sound_Gear,644.37,49157,435,898.26
2026-06-16 00:00:00,CAMP-TT-01,TikTok_Spark_Influencer_UGC,SET-T01,GenZ_Adventure,AD-T101,UGC_Backpack_Unboxing,465.63,45345,638,513.32
2026-06-16 00:00:00,CAMP-TT-02,TikTok_TopView_Brand_Push,SET-T02,Broad_US_18_34,AD-T102,Video_Trending_Sound_Gear,623.35,60419,485,714.87
2026-06-17 00:00:00,CAMP-TT-01,TikTok_Spark_Influencer_UGC,SET-T01,GenZ_Adventure,AD-T101,UGC_Backpack_Unboxing,340.09,26628,264,377.69
2026-06-17 00:00:00,CAMP-TT-02,TikTok_TopView_Brand_Push,SET-T02,Broad_US_18_34,AD-T102,Video_Trending_Sound_Gear,334.81,32090,432,303.38
2026-06-18 00:00:00,CAMP-TT-01,TikTok_Spark_Influencer_UGC,SET-T01,GenZ_Adventure,AD-T101,UGC_Backpack_Unboxing,558.86,41131,524,764.36
2026-06-18 00:00:00,CAMP-TT-02,TikTok_TopView_Brand_Push,SET-T02,Broad_US_18_34,AD-T102,Video_Trending_Sound_Gear,343.59,33509,477,446.86
2026-06-19 00:00:00,CAMP-TT-01,TikTok_Spark_Influencer_UGC,SET-T01,GenZ_Adventure,AD-T101,UGC_Backpack_Unboxing,555.82,45119,491,461.99
2026-06-19 00:00:00,CAMP-TT-02,TikTok_TopView_Brand_Push,SET-T02,Broad_US_18_34,AD-T102,Video_Trending_Sound_Gear,613.78,49524,560,877.6
2026-06-20 00:00:00,CAMP-TT-01,TikTok_Spark_Influencer_UGC,SET-T01,GenZ_Adventure,AD-T101,UGC_Backpack_Unboxing,564.8,53936,761,766.94
2026-06-20 00:00:00,CAMP-TT-02,TikTok_TopView_Brand_Push,SET-T02,Broad_US_18_34,AD-T102,Video_Trending_Sound_Gear,657.79,68138,647,828.39
2026-06-21 00:00:00,CAMP-TT-01,TikTok_Spark_Influencer_UGC,SET-T01,GenZ_Adventure,AD-T101,UGC_Backpack_Unboxing,590.22,44773,655,805.03
2026-06-21 00:00:00,CAMP-TT-02,TikTok_TopView_Brand_Push,SET-T02,Broad_US_18_34,AD-T102,Video_Trending_Sound_Gear,586.32,45298,473,537.64
2026-06-22 00:00:00,CAMP-TT-01,TikTok_Spark_Influencer_UGC,SET-T01,GenZ_Adventure,AD-T101,UGC_Backpack_Unboxing,313.36,28673,410,303.11
2026-06-22 00:00:00,CAMP-TT-02,TikTok_TopView_Brand_Push,SET-T02,Broad_US_18_34,AD-T102,Video_Trending_Sound_Gear,382.61,27627,225,516.54
2026-06-23 00:00:00,CAMP-TT-01,TikTok_Spark_Influencer_UGC,SET-T01,GenZ_Adventure,AD-T101,UGC_Backpack_Unboxing,428.55,46645,672,384.73
2026-06-23 00:00:00,CAMP-TT-02,TikTok_TopView_Brand_Push,SET-T02,Broad_US_18_34,AD-T102,Video_Trending_Sound_Gear,520.71,50211,424,434.76
2026-06-24 00:00:00,CAMP-TT-01,TikTok_Spark_Influencer_UGC,SET-T01,GenZ_Adventure,AD-T101,UGC_Backpack_Unboxing,346.22,37001,492,394.65
2026-06-24 00:00:00,CAMP-TT-02,TikTok_TopView_Brand_Push,SET-T02,Broad_US_18_34,AD-T102,Video_Trending_Sound_Gear,437.16,39412,571,628.43
2026-06-25 00:00:00,CAMP-TT-01,TikTok_Spark_Influencer_UGC,SET-T01,GenZ_Adventure,AD-T101,UGC_Backpack_Unboxing,586.27,43675,447,625.42
2026-06-25 00:00:00,CAMP-TT-02,TikTok_TopView_Brand_Push,SET-T02,Broad_US_18_34,AD-T102,Video_Trending_Sound_Gear,545.48,45013,511,589.37
2026-06-26 00:00:00,CAMP-TT-01,TikTok_Spark_Influencer_UGC,SET-T01,GenZ_Adventure,AD-T101,UGC_Backpack_Unboxing,694.47,52990,585,909.13
2026-06-26 00:00:00,CAMP-TT-02,TikTok_TopView_Brand_Push,SET-T02,Broad_US_18_34,AD-T102,Video_Trending_Sound_Gear,407.82,42924,449,441.29
2026-06-27 00:00:00,CAMP-TT-01,TikTok_Spark_Influencer_UGC,SET-T01,GenZ_Adventure,AD-T101,UGC_Backpack_Unboxing,398.6,30488,320,480.83
2026-06-27 00:00:00,CAMP-TT-02,TikTok_TopView_Brand_Push,SET-T02,Broad_US_18_34,AD-T102,Video_Trending_Sound_Gear,428.46,43388,617,525.33
2026-06-28 00:00:00,CAMP-TT-01,TikTok_Spark_Influencer_UGC,SET-T01,GenZ_Adventure,AD-T101,UGC_Backpack_Unboxing,884.15,63181,669,892.25
2026-06-28 00:00:00,CAMP-TT-02,TikTok_TopView_Brand_Push,SET-T02,Broad_US_18_34,AD-T102,Video_Trending_Sound_Gear,836.35,59768,741,1134.59
2026-06-29 00:00:00,CAMP-TT-01,TikTok_Spark_Influencer_UGC,SET-T01,GenZ_Adventure,AD-T101,UGC_Backpack_Unboxing,612.7,56854,683,847.45
2026-06-29 00:00:00,CAMP-TT-02,TikTok_TopView_Brand_Push,SET-T02,Broad_US_18_34,AD-T102,Video_Trending_Sound_Gear,575.25,63173,654,518.38
2026-06-30 00:00:00,CAMP-TT-01,TikTok_Spark_Influencer_UGC,SET-T01,GenZ_Adventure,AD-T101,UGC_Backpack_Unboxing,393.19,29066,240,375.05
2026-06-30 00:00:00,CAMP-TT-02,TikTok_TopView_Brand_Push,SET-T02,Broad_US_18_34,AD-T102,Video_Trending_Sound_Gear,423.83,35072,411,403.82
